Car_Type,Car_Year,Fuel_Type,Transmission,Price
Nissan Navara,2009 -,Diesel -,Manual,"KSh1,000,000"
Mercedes-Benz E250,2003 -,Petrol -,Automatic,"KSh1,000,000"
Toyota Ractis,2011 -,Petrol -,Automatic,"KSh1,000,000"
Mazda Axela,2011 -,Petrol -,Automatic,"KSh1,000,000"
Toyota Rumion,2011 -,Petrol -,Automatic,"KSh1,000,000"
Honda Insight,2011 -,Petrol -,Automatic,"KSh1,000,000"
Nissan Dualis,2011 -,Petrol -,Automatic,"KSh1,000,000"
Toyota Passo,2011 -,Petrol -,Automatic,"KSh1,000,000"
Nissan Teana,2009 -,Petrol -,Automatic,"KSh1,000,000"
Nissan Lafesta,2011 -,Petrol -,Automatic,"KSh1,020,000"
Nissan Lafesta,2011 -,Petrol -,Automatic,"KSh1,020,000"
Honda CR-Z,2011 -,Hybrid -,Automatic,"KSh1,030,000"
Toyota IST,2011 -,Petrol -,Automatic,"KSh1,030,000"
Toyota Rumion,2011 -,Petrol -,Automatic,"KSh1,030,000"
Toyota Rumion,2011 -,Petrol -,Automatic,"KSh1,040,000"
Honda Insight,2011 -,Hybrid -,Automatic,"KSh1,050,000"
Honda Insight Hybrid,2011 -,Hybrid -,Automatic,"KSh1,050,000"
Toyota Land Cruiser Prado,2000 -,Petrol -,Automatic,"KSh1,050,000"
Suzuki Grand Vitara 1.6,2003 -,Petrol -,Automatic,"KSh1,050,000"
Honda CR-Z,2010 -,Petrol -,Automatic,"KSh1,050,000"
Toyota Axio,2010 -,Petrol -,Automatic,"KSh1,050,000"
Toyota Fielder,2011 -,Petrol -,Automatic,"KSh1,050,000"
Mazda Axela,2011 -,Petrol -,Automatic,"KSh1,050,000"
Subaru Impreza 2.0 Wagon,2011 -,Petrol -,Automatic,"KSh1,050,000"
Honda Stream 1.7 VTEC,2011 -,Petrol -,Automatic,"KSh1,050,000"
Honda Stream 1.7 VTEC,2011 -,Petrol -,Automatic,"KSh1,050,000"
Toyota Axio,2011 -,Petrol -,Automatic,"KSh1,050,000"
Honda Stream 1.7 VTEC,2011 -,Petrol -,Automatic,"KSh1,050,000"
Toyota Rumion,2011 -,Petrol -,Automatic,"KSh1,050,000"
Honda Stream,2011 -,Petrol -,Automatic,"KSh1,050,000"
Nissan Bluebird,2011 -,Petrol -,Automatic,"KSh1,050,000"
Toyota Ractis,2011 -,Petrol -,Automatic,"KSh1,050,000"
Honda Insight,2011 -,Petrol -,Automatic,"KSh1,050,000"
Toyota ISIS,2011 -,Petrol -,Automatic,"KSh1,050,000"
Toyota Axio,2012 -,Petrol -,Manual,"KSh1,050,000"
Subaru Legacy 2.0,2007 -,Petrol -,Automatic,"KSh1,050,000"
Nissan Bluebird,2010 -,Petrol -,Automatic,"KSh1,050,000"
Subaru Impreza,2011 -,Petrol -,Automatic,"KSh1,050,000"
Mercedes-Benz A180,2011 -,Petrol -,Automatic,"KSh1,050,000"
Toyota Sienta,2012 -,Petrol -,Automatic,"KSh1,060,000"
Toyota Auris 1.3 3,2017 -,Petrol -,Automatic,"KSh1,060,000"
Toyota Crown Automatic,2008 -,Petrol -,Automatic,"KSh1,070,000"
Mazda Axela,2011 -,Petrol -,Automatic,"KSh1,070,000"
Mazda Axela,2011 -,Petrol -,Automatic,"KSh1,070,000"
Mazda Axela,2011 -,Petrol -,Automatic,"KSh1,070,000"
Toyota Hilux,2006 -,Diesel -,Manual,"KSh1,080,000"
Toyota ISIS,2009 -,Petrol -,Automatic,"KSh1,080,000"
Honda Freed,2010 -,Petrol -,Automatic,"KSh1,080,000"
Toyota Axio,2010 -,Petrol -,Automatic,"KSh1,080,000"
Toyota ISIS,2011 -,Petrol -,Automatic,"KSh1,080,000"
Nissan Lafesta,2011 -,Petrol -,Automatic,"KSh1,080,000"
Subaru Impreza 2.0 Wagon,2011 -,Petrol -,Automatic,"KSh1,080,000"
Subaru Impreza 2.0 Wagon,2011 -,Petrol -,Automatic,"KSh1,080,000"
Toyota Axio,2011 -,Petrol -,Automatic,"KSh1,080,000"
Honda Fit Automatic,2011 -,Petrol -,Automatic,"KSh1,080,000"
Toyota Harrier,2003 -,Petrol -,Automatic,"KSh1,080,000"
Toyota Premio,2008 -,Petrol -,Automatic,"KSh1,080,000"
Toyota Axio,2011 -,Petrol -,Automatic,"KSh1,080,000"
Honda Fit Shuttle,2011 -,Petrol -,Automatic,"KSh1,085,000"
Mitsubishi Galant Fortis,2010 -,Petrol -,Automatic,"KSh1,090,000"
Volkswagen Golf 2.0 GTi Turbo DSG,2008 -,Petrol -,Automatic,"KSh1,090,000"
Mazda Premacy 2.0 TD Exclusive,2011 -,Petrol -,Automatic,"KSh1,090,000"
Mazda Premacy 2.0 TD Exclusive,2011 -,Petrol -,Automatic,"KSh1,090,000"
Nissan Hardbody,2007 -,Diesel -,Manual,"KSh1,100,000"
Toyota RAV4 1.8,2006 -,Petrol -,Automatic,"KSh1,100,000"
Nissan Dualis,2008 -,Petrol -,Automatic,"KSh1,100,000"
Honda CR-Z,2010 -,Petrol -,Automatic,"KSh1,100,000"
Toyota Axio,2010 -,Petrol -,Automatic,"KSh1,100,000"
Toyota Axio,2010 -,Petrol -,Automatic,"KSh1,100,000"
Toyota Auris,2011 -,Petrol -,Automatic,"KSh1,100,000"
Toyota ISIS,2011 -,Petrol -,Automatic,"KSh1,100,000"
Subaru Impreza 2.0 Wagon,2011 -,Petrol -,Automatic,"KSh1,100,000"
Nissan Teana,2011 -,Petrol -,Automatic,"KSh1,100,000"
Mercedes-Benz A-Class,2011 -,Petrol -,Automatic,"KSh1,100,000"
Toyota Axio,2011 -,Petrol -,Automatic,"KSh1,100,000"
Toyota Axio,2011 -,Petrol -,Automatic,"KSh1,100,000"
Honda Stream,2011 -,Petrol -,Automatic,"KSh1,100,000"
Subaru Impreza 2.0 Wagon,2011 -,Petrol -,Automatic,"KSh1,100,000"
Mazda Premacy 2.0,2011 -,Petrol -,Automatic,"KSh1,100,000"
Toyota Auris,2011 -,Petrol -,Automatic,"KSh1,100,000"
Toyota ISIS,2011 -,Petrol -,Automatic,"KSh1,100,000"
Toyota ISIS,2011 -,Petrol -,Automatic,"KSh1,100,000"
Toyota Auris,2011 -,Petrol -,Automatic,"KSh1,100,000"
Toyota IST,2011 -,Petrol -,Automatic,"KSh1,100,000"
Honda Civic 1.3,2011 -,Petrol -,Automatic,"KSh1,100,000"
Honda Insight Hybrid,2011 -,Petrol -,Automatic,"KSh1,120,000"
Honda Insight Hybrid,2011 -,Hybrid -,Automatic,"KSh1,125,000"
Subaru Impreza,2011 -,Petrol -,Automatic,"KSh1,125,000"
Volkswagen Golf Variant 1.4,2011 -,Petrol -,Automatic,"KSh1,130,000"
Honda Fit Automatic,2011 -,Hybrid -,Automatic,"KSh1,150,000"
Toyota Prius,2011 -,Hybrid -,Automatic,"KSh1,150,000"
Toyota Prius,2011 -,Hybrid -,Automatic,"KSh1,150,000"
Toyota ISIS,2010 -,Petrol -,Automatic,"KSh1,150,000"
Toyota Fielder,2010 -,Petrol -,Automatic,"KSh1,150,000"
Nissan juke 1.5 dCi,2010 -,Petrol -,Automatic,"KSh1,150,000"
Toyota ISIS,2011 -,Petrol -,Automatic,"KSh1,150,000"
Toyota Auris 1.4 VVT-i,2011 -,Petrol -,Automatic,"KSh1,150,000"
Toyota Rumion,2011 -,Petrol -,Automatic,"KSh1,150,000"
Nissan Teana,2011 -,Petrol -,Automatic,"KSh1,150,000"
Honda Stream 1.7 VTEC,2011 -,Petrol -,Automatic,"KSh1,150,000"
Mazda Axela,2012 -,Petrol -,Automatic,"KSh1,150,000"
Toyota ISIS,2010 -,Petrol -,Automatic,"KSh1,150,000"
Mazda Premacy,2011 -,Petrol -,Automatic,"KSh1,150,000"
Mazda Premacy,2011 -,Petrol -,Automatic,"KSh1,150,000"
Mazda Premacy,2011 -,Petrol -,Automatic,"KSh1,150,000"
Nissan Teana,2011 -,Petrol -,Automatic,"KSh1,150,000"
Subaru Impreza 2.0 Wagon,2011 -,Petrol -,Automatic,"KSh1,150,000"
Volkswagen Golf,2011 -,Petrol -,Automatic,"KSh1,150,000"
Nissan Bluebird,2011 -,Petrol -,Automatic,"KSh1,150,000"
Volkswagen Touran 1.4 TSI,2011 -,Petrol -,Automatic,"KSh1,150,000"
Honda CR-V 2.4 EX Automatic,2006 -,Petrol -,Automatic,"KSh1,180,000"
Toyota Crown,2008 -,Petrol -,Automatic,"KSh1,180,000"
Toyota Axio,2010 -,Petrol -,Automatic,"KSh1,180,000"
Subaru Impreza 2.0 Wagon,2011 -,Petrol -,Automatic,"KSh1,180,000"
Toyota Auris,2012 -,Petrol -,Automatic,"KSh1,180,000"
Toyota Axio,2010 -,Petrol -,Automatic,"KSh1,190,000"
Mercedes-Benz E200,2004 -,Petrol -,Automatic,"KSh1,190,000"
Toyota Fielder,2011 -,Petrol -,Automatic,"KSh1,190,000"
Toyota Fielder,2010 -,Petrol -,Automatic,"KSh1,199,000"
Subaru Impreza Anesis,2011 -,Petrol -,Automatic,"KSh1,199,000"
Toyota RAV4,2007 -,Petrol -,Automatic,"KSh1,199,000"
Mercedes-Benz B180,2011 -,Petrol -,Automatic,"KSh1,199,000"
Mercedes-Benz B180,2011 -,Petrol -,Automatic,"KSh1,199,000"
Toyota Aqua,2011 -,Hybrid -,Automatic,"KSh1,200,000"
Toyota Rush,2007 -,Petrol -,Automatic,"KSh1,200,000"
Nissan Teana,2009 -,Petrol -,Automatic,"KSh1,200,000"
Toyota Estima,2010 -,Petrol -,Automatic,"KSh1,200,000"
Toyota Estima,2010 -,Petrol -,Automatic,"KSh1,200,000"
Toyota Fielder,2010 -,Petrol -,Automatic,"KSh1,200,000"
Toyota Fielder,2010 -,Petrol -,Automatic,"KSh1,200,000"
Toyota Axio,2011 -,Petrol -,Automatic,"KSh1,200,000"
Subaru Impreza 2.0 Wagon,2011 -,Petrol -,Automatic,"KSh1,200,000"
Nissan Bluebird,2011 -,Petrol -,Automatic,"KSh1,200,000"
Nissan Bluebird,2011 -,Petrol -,Automatic,"KSh1,200,000"
Nissan Vanette,2011 -,Petrol -,Automatic,"KSh1,200,000"
Nissan Vanette,2011 -,Petrol -,Automatic,"KSh1,200,000"
Toyota Fielder,2011 -,Petrol -,Automatic,"KSh1,200,000"
Toyota Axio,2011 -,Petrol -,Automatic,"KSh1,200,000"
Toyota Auris 1.6 Dual VVT-i,2011 -,Petrol -,Automatic,"KSh1,200,000"
Toyota Axio,2011 -,Petrol -,Automatic,"KSh1,200,000"
Nissan Bluebird,2011 -,Petrol -,Automatic,"KSh1,200,000"
Toyota Axio,2011 -,Petrol -,Automatic,"KSh1,200,000"
Toyota Axio,2011 -,Petrol -,Automatic,"KSh1,200,000"
Toyota Axio,2011 -,Petrol -,Automatic,"KSh1,200,000"
Subaru Impreza Anesis,2011 -,Petrol -,Automatic,"KSh1,200,000"
Toyota Fielder,2011 -,Petrol -,Automatic,"KSh1,200,000"
Nissan Note,2012 -,Petrol -,Automatic,"KSh1,200,000"
Honda Stream,2018 -,Petrol -,Automatic,"KSh1,200,000"
Toyota Auris 1.6 Dual VVTi,2010 -,Petrol -,Manual,"KSh1,200,000"
Toyota Axio,2010 -,Petrol -,Automatic,"KSh1,200,000"
Daihatsu Terios Automatic,2010 -,Petrol -,Automatic,"KSh1,200,000"
Nissan Teana,2010 -,Petrol -,Automatic,"KSh1,200,000"
Volkswagen Golf 2.0 TSI,2010 -,Petrol -,Automatic,"KSh1,220,000"
Toyota Auris,2011 -,Petrol -,Automatic,"KSh1,220,000"
Toyota Auris,2011 -,Petrol -,Automatic,"KSh1,220,000"
Toyota Belta,2010 -,Petrol -,Automatic,"KSh1,225,000"
Lexus RX 300,2005 -,Petrol -,Automatic,"KSh1,230,000"
Subaru Impreza,2011 -,Petrol -,Automatic,"KSh1,230,000"
Subaru Impreza,2011 -,Petrol -,Automatic,"KSh1,230,000"
Toyota Prius Hybrid,2011 -,Petrol -,Automatic,"KSh1,230,000"
Toyota Fielder,2013 -,Petrol -,Automatic,"KSh1,240,000"
Mitsubishi Galant,2010 -,Petrol -,Automatic,"KSh1,250,000"
Toyota Axio,2010 -,Petrol -,Automatic,"KSh1,250,000"
Toyota Fielder,2011 -,Petrol -,Automatic,"KSh1,250,000"
Mazda Axela,2011 -,Petrol -,Automatic,"KSh1,250,000"
Toyota Axio,2011 -,Petrol -,Automatic,"KSh1,250,000"
Toyota ISIS,2011 -,Petrol -,Automatic,"KSh1,250,000"
Toyota ISIS,2011 -,Petrol -,Automatic,"KSh1,250,000"
Honda Stream,2011 -,Petrol -,Automatic,"KSh1,250,000"
Toyota Axio,2011 -,Petrol -,Automatic,"KSh1,250,000"
Toyota Fielder,2011 -,Petrol -,Automatic,"KSh1,250,000"
Subaru Impreza 2.0 Wagon,2011 -,Petrol -,Automatic,"KSh1,250,000"
Toyota Fielder,2011 -,Petrol -,Automatic,"KSh1,250,000"
Volkswagen Golf,2011 -,Petrol -,Automatic,"KSh1,250,000"
Volkswagen Golf Variant,2011 -,Petrol -,Automatic,"KSh1,250,000"
Nissan Teana,2012 -,Petrol -,Automatic,"KSh1,250,000"
Chevrolet Cruze,2013 -,Petrol -,Automatic,"KSh1,250,000"
Toyota Fielder,2013 -,Petrol -,Automatic,"KSh1,250,000"
Toyota Fielder,2013 -,Petrol -,Automatic,"KSh1,250,000"
Honda CR-V 2.0,2018 -,Petrol -,Automatic,"KSh1,250,000"
Nissan Vanette,2011 -,Petrol -,Manual,"KSh1,250,000"
Toyota Mark X,2010 -,Petrol -,Automatic,"KSh1,250,000"
Toyota Allion A15,2010 -,Petrol -,Automatic,"KSh1,250,000"
Volkswagen Golf Variant 1.4,2011 -,Petrol -,Automatic,"KSh1,250,000"
Toyota Auris,2011 -,Petrol -,Automatic,"KSh1,250,000"
Honda Stream,2011 -,Petrol -,Automatic,"KSh1,250,000"
Honda Stream,2011 -,Petrol -,Automatic,"KSh1,250,000"
Honda Stream,2011 -,Petrol -,Automatic,"KSh1,250,000"
Nissan Teana,2011 -,Petrol -,Automatic,"KSh1,250,000"
Volkswagen Golf Plus 1.4i,2011 -,Petrol -,Automatic,"KSh1,250,000"
Nissan Teana,2011 -,Petrol -,Automatic,"KSh1,250,000"
Toyota Axio,2012 -,Petrol -,Automatic,"KSh1,250,000"
Toyota Corolla 1.5 Automatic,2012 -,Petrol -,Automatic,"KSh1,250,000"
Toyota Axio,2012 -,Petrol -,Automatic,"KSh1,250,000"
Toyota Fielder,2011 -,Petrol -,Automatic,"KSh1,260,000"
Mazda Atenza,2011 -,Petrol -,Automatic,"KSh1,260,000"
Toyota Allion 1.8,2010 -,Petrol -,Automatic,"KSh1,270,000"
Volkswagen Golf,2011 -,Petrol -,Automatic,"KSh1,270,000"
Toyota Fielder,2011 -,Petrol -,Automatic,"KSh1,270,000"
Toyota Axio,2010 -,Petrol -,Automatic,"KSh1,280,000"
Toyota Fielder,2011 -,Petrol -,Automatic,"KSh1,280,000"
Nissan juke,2011 -,Petrol -,Automatic,"KSh1,280,000"
Toyota Fielder,2013 -,Petrol -,Automatic,"KSh1,280,000"
Toyota Wish,2019 -,Petrol -,Automatic,"KSh1,280,000"
Toyota Axio,2010 -,Petrol -,Manual,"KSh1,280,000"
Subaru Outback 2.5,2007 -,Petrol -,Automatic,"KSh1,280,000"
Nissan juke 1.5 dCi,2011 -,Petrol -,Automatic,"KSh1,280,000"
Honda Stream,2011 -,Petrol -,Automatic,"KSh1,280,000"
Honda Freed,2012 -,Petrol -,Automatic,"KSh1,280,000"
Toyota Axio,2012 -,Petrol -,Automatic,"KSh1,280,000"
Toyota Axio,2012 -,Petrol -,Automatic,"KSh1,290,000"
Toyota Fielder,2011 -,Petrol -,Automatic,"KSh1,299,000"
Toyota Fielder,2013 -,Petrol -,Automatic,"KSh1,299,000"
Toyota Fielder,2013 -,Petrol -,Automatic,"KSh1,299,000"
Nissan Navara 2.5,2009 -,Diesel -,Manual,"KSh1,300,000"
Toyota Prius 1.8 VVT-h,2011 -,Hybrid -,Automatic,"KSh1,300,000"
Toyota Prius 1.8 VVT-h,2011 -,Hybrid -,Automatic,"KSh1,300,000"
Mitsubishi Outlander 2.0 DI-D,2007 -,Petrol -,Automatic,"KSh1,300,000"
Mercedes-Benz C180,2008 -,Petrol -,Automatic,"KSh1,300,000"
Honda CR-V 2.4,2008 -,Petrol -,Automatic,"KSh1,300,000"
Mini Cooper,2010 -,Petrol -,Automatic,"KSh1,300,000"
Subaru Impreza,2011 -,Petrol -,Automatic,"KSh1,300,000"
Toyota Fielder,2011 -,Petrol -,Automatic,"KSh1,300,000"
Toyota Fielder,2011 -,Petrol -,Automatic,"KSh1,300,000"
Volkswagen Touran 1.4 TSI,2011 -,Petrol -,Automatic,"KSh1,300,000"
Toyota Fielder,2011 -,Petrol -,Automatic,"KSh1,300,000"
Toyota Fielder,2013 -,Petrol -,Automatic,"KSh1,300,000"
Toyota Fielder,2013 -,Petrol -,Automatic,"KSh1,300,000"
Toyota Fielder,2013 -,Petrol -,Automatic,"KSh1,300,000"
Toyota Wish,2011 -,Petrol -,Automatic,"KSh1,300,000"
Toyota Wish,2011 -,Petrol -,Automatic,"KSh1,300,000"
Toyota Fielder,2011 -,Petrol -,Automatic,"KSh1,325,000"
Toyota Auris 1.3 3,2011 -,Petrol -,Automatic,"KSh1,330,000"
Volkswagen Touran 1.4 TSI,2011 -,Petrol -,Automatic,"KSh1,340,000"
Volkswagen Touran 1.4 TSI,2011 -,Petrol -,Automatic,"KSh1,340,000"
Nissan juke 1.5 dCi,2011 -,Petrol -,Automatic,"KSh1,340,000"
Toyota Hilux,2008 -,Diesel -,Manual,"KSh1,350,000"
Isuzu D-MAX,2009 -,Diesel -,Manual,"KSh1,350,000"
Toyota Land Cruiser Prado,2001 -,Petrol -,Automatic,"KSh1,350,000"
BMW X5 4.4 i,2004 -,Petrol -,Automatic,"KSh1,350,000"
BMW X5 4.4 i,2004 -,Petrol -,Automatic,"KSh1,350,000"
Nissan X-Trail 2.0,2009 -,Petrol -,Automatic,"KSh1,350,000"
Nissan juke,2010 -,Petrol -,Automatic,"KSh1,350,000"
Nissan Teana,2011 -,Petrol -,Automatic,"KSh1,350,000"
Toyota Axio,2011 -,Petrol -,Automatic,"KSh1,350,000"
Volkswagen Golf,2011 -,Petrol -,Automatic,"KSh1,350,000"
Toyota Wish,2011 -,Petrol -,Automatic,"KSh1,350,000"
Nissan Teana,2011 -,Petrol -,Automatic,"KSh1,350,000"
Nissan Teana,2011 -,Petrol -,Automatic,"KSh1,350,000"
Mercedes-Benz A180,2011 -,Petrol -,Automatic,"KSh1,350,000"
Toyota Prius Hybrid,2011 -,Petrol -,Automatic,"KSh1,350,000"
Nissan juke,2011 -,Petrol -,Automatic,"KSh1,350,000"
Toyota Wish,2011 -,Petrol -,Automatic,"KSh1,350,000"
Toyota Fielder,2011 -,Petrol -,Automatic,"KSh1,350,000"
Toyota Fielder,2013 -,Petrol -,Automatic,"KSh1,350,000"
Toyota Fielder,2013 -,Petrol -,Automatic,"KSh1,350,000"
Toyota Fielder,2013 -,Petrol -,Automatic,"KSh1,350,000"
Toyota Fielder,2013 -,Petrol -,Automatic,"KSh1,350,000"
Jaguar X-Type,2003 -,Petrol -,Automatic,"KSh1,350,000"
Lexus RX 300,2005 -,Petrol -,Automatic,"KSh1,350,000"
Toyota RAV4,2006 -,Petrol -,Automatic,"KSh1,350,000"
Mercedes-Benz B180,2011 -,Petrol -,Automatic,"KSh1,350,000"
Mercedes-Benz B-Class,2011 -,Petrol -,Automatic,"KSh1,350,000"
Mercedes-Benz B180,2011 -,Petrol -,Automatic,"KSh1,350,000"
Volkswagen Touran 1.4 TSI,2013 -,Petrol -,Automatic,"KSh1,350,000"
Toyota Corolla 1.5 Automatic,2013 -,Petrol -,Automatic,"KSh1,350,000"
Toyota Wish,2011 -,Petrol -,Automatic,"KSh1,370,000"
Nissan juke,2011 -,Petrol -,Automatic,"KSh1,375,000"
Nissan juke,2011 -,Petrol -,Automatic,"KSh1,375,000"
Mercedes-Benz B180,2011 -,Petrol -,Automatic,"KSh1,375,000"
Nissan juke,2012 -,Petrol -,Automatic,"KSh1,375,000"
Toyota Allion 1.8,2011 -,Petrol -,Automatic,"KSh1,380,000"
Subaru Legacy,2011 -,Petrol -,Automatic,"KSh1,380,000"
Subaru Legacy,2011 -,Petrol -,Automatic,"KSh1,380,000"
Toyota Fielder,2012 -,Petrol -,Automatic,"KSh1,380,000"
Toyota Allion 1.8,2011 -,Petrol -,Automatic,"KSh1,380,000"
Toyota Allion A15,2011 -,Petrol -,Automatic,"KSh1,390,000"
Toyota Wish,2011 -,Petrol -,Automatic,"KSh1,399,000"
Toyota Wish,2011 -,Petrol -,Automatic,"KSh1,399,000"
Toyota Wish,2010 -,Petrol -,Automatic,"KSh1,400,000"
Nissan juke 1.5 dCi,2011 -,Petrol -,Automatic,"KSh1,400,000"
Toyota Allion 1.8,2011 -,Petrol -,Automatic,"KSh1,400,000"
Citroen C4,2011 -,Petrol -,Automatic,"KSh1,400,000"
Toyota Allion 1.8,2011 -,Petrol -,Automatic,"KSh1,400,000"
Toyota Wish,2011 -,Petrol -,Automatic,"KSh1,400,000"
Nissan juke 1.5 dCi,2011 -,Petrol -,Automatic,"KSh1,400,000"
Nissan juke 1.5 dCi,2011 -,Petrol -,Automatic,"KSh1,400,000"
Toyota Auris,2012 -,Petrol -,Automatic,"KSh1,400,000"
Audi A3,2012 -,Petrol -,Automatic,"KSh1,400,000"
Toyota Hilux 2.5,2005 -,Diesel -,Manual,"KSh1,420,000"
Toyota Allion A15,2011 -,Petrol -,Automatic,"KSh1,420,000"
Nissan juke,2011 -,Petrol -,Automatic,"KSh1,420,000"
Mercedes-Benz B180,2011 -,Petrol -,Automatic,"KSh1,420,000"
BMW 320i,2008 -,Petrol -,Automatic,"KSh1,420,000"
Toyota Wish,2011 -,Petrol -,Automatic,"KSh1,420,000"
Toyota Wish,2011 -,Petrol -,Automatic,"KSh1,430,000"
Toyota Wish,2011 -,Petrol -,Automatic,"KSh1,430,000"
Toyota Axio,2012 -,Petrol -,Automatic,"KSh1,430,000"
Toyota Hilux 2.0 VVT-i,2007 -,Diesel -,Manual,"KSh1,450,000"
Lexus RX 450h,2006 -,Hybrid -,Automatic,"KSh1,450,000"
Mitsubishi Pajero 2.0 Pininfarina,2004 -,Petrol -,Automatic,"KSh1,450,000"
Toyota RAV4,2008 -,Petrol -,Automatic,"KSh1,450,000"
Toyota Premio,2010 -,Petrol -,Automatic,"KSh1,450,000"
Nissan Dualis,2011 -,Petrol -,Automatic,"KSh1,450,000"
Nissan Dualis,2011 -,Petrol -,Automatic,"KSh1,450,000"
Toyota Allion,2011 -,Petrol -,Automatic,"KSh1,450,000"
Subaru Legacy,2011 -,Petrol -,Automatic,"KSh1,450,000"
Toyota Voxy,2011 -,Petrol -,Automatic,"KSh1,450,000"
Subaru Legacy,2011 -,Petrol -,Automatic,"KSh1,450,000"
Subaru Legacy,2011 -,Petrol -,Automatic,"KSh1,450,000"
Subaru Legacy,2011 -,Petrol -,Automatic,"KSh1,450,000"
Toyota Allion,2011 -,Petrol -,Automatic,"KSh1,450,000"
Toyota Allion,2011 -,Petrol -,Automatic,"KSh1,450,000"
Toyota Mark X,2011 -,Petrol -,Automatic,"KSh1,450,000"
Toyota Wish,2011 -,Petrol -,Automatic,"KSh1,450,000"
Toyota Allion A20,2011 -,Petrol -,Automatic,"KSh1,450,000"
Toyota Mark X,2011 -,Petrol -,Automatic,"KSh1,450,000"
Audi A3,2011 -,Petrol -,Automatic,"KSh1,450,000"
Nissan Dualis,2011 -,Petrol -,Automatic,"KSh1,450,000"
Toyota Allion A15,2011 -,Petrol -,Automatic,"KSh1,450,000"
Toyota Allion A18 4WD,2011 -,Petrol -,Automatic,"KSh1,450,000"
Toyota Allion A18 4WD,2011 -,Petrol -,Automatic,"KSh1,450,000"
Toyota Wish,2011 -,Petrol -,Automatic,"KSh1,450,000"
Audi A3,2012 -,Petrol -,Automatic,"KSh1,450,000"
Toyota Alphard,2008 -,Petrol -,Automatic,"KSh1,475,000"
Audi A3,2011 -,Petrol -,Automatic,"KSh1,480,000"
Toyota Wish,2011 -,Petrol -,Automatic,"KSh1,480,000"
Toyota Wish,2011 -,Petrol -,Automatic,"KSh1,480,000"
Audi A3,2012 -,Petrol -,Automatic,"KSh1,499,000"
Land Rover Discovery III,2011 -,Diesel -,Automatic,"KSh1,500,000"
Mercedes-Benz C250,2008 -,Petrol -,Automatic,"KSh1,500,000"
Subaru Forester 2.0,2010 -,Petrol -,Automatic,"KSh1,500,000"
Subaru Exiga,2010 -,Petrol -,Automatic,"KSh1,500,000"
Toyota Allion,2010 -,Petrol -,Automatic,"KSh1,500,000"
Toyota Camry,2011 -,Petrol -,Automatic,"KSh1,500,000"
Toyota Noah,2011 -,Petrol -,Automatic,"KSh1,500,000"
Toyota Allion 1.8,2011 -,Petrol -,Automatic,"KSh1,500,000"
Toyota Crown,2011 -,Petrol -,Automatic,"KSh1,500,000"
Toyota Avensis 1.6 GS,2011 -,Petrol -,Automatic,"KSh1,500,000"
Toyota Allion,2011 -,Petrol -,Automatic,"KSh1,500,000"
Volvo S80 2.5 T,2004 -,Petrol -,Automatic,"KSh1,500,000"
Volvo S80 2.5 T,2004 -,Petrol -,Automatic,"KSh1,500,000"
Jaguar S-Type,2005 -,Petrol -,Automatic,"KSh1,500,000"
Toyota Vanguard,2009 -,Petrol -,Automatic,"KSh1,500,000"
Toyota Hilux 2.5,2008 -,Diesel -,Manual,"KSh1,550,000"
Audi A3,2010 -,Petrol -,Automatic,"KSh1,550,000"
Audi A3,2010 -,Petrol -,Automatic,"KSh1,550,000"
Toyota Premio,2011 -,Petrol -,Automatic,"KSh1,550,000"
Toyota Allion 1.8,2011 -,Petrol -,Automatic,"KSh1,550,000"
Nissan Dualis,2011 -,Petrol -,Automatic,"KSh1,550,000"
Toyota Estima,2011 -,Petrol -,Automatic,"KSh1,550,000"
Toyota Voxy,2010 -,Petrol -,Automatic,"KSh1,550,000"
Subaru Legacy 2.0,2011 -,Petrol -,Automatic,"KSh1,550,000"
Toyota Premio,2011 -,Petrol -,Automatic,"KSh1,550,000"
Toyota Camry 2.4 G,2011 -,Petrol -,Automatic,"KSh1,550,000"
Peugeot 3008 Crossover,2011 -,Petrol -,Automatic,"KSh1,550,000"
Nissan Dualis,2010 -,Petrol -,Automatic,"KSh1,575,000"
Toyota Rush,2011 -,Petrol -,Automatic,"KSh1,575,000"
Subaru Legacy 2.5 Automatic,2011 -,Petrol -,Automatic,"KSh1,575,000"
Toyota Mark X Rio,2011 -,Petrol -,Automatic,"KSh1,580,000"
Toyota Mark X,2011 -,Petrol -,Automatic,"KSh1,580,000"
Mercedes-Benz E220,2007 -,Diesel -,Automatic,"KSh1,600,000"
Subaru Outback 2.5,2007 -,Petrol -,Automatic,"KSh1,600,000"
Nissan X-Trail 2.0,2009 -,Petrol -,Automatic,"KSh1,600,000"
Toyota Premio,2010 -,Petrol -,Automatic,"KSh1,600,000"
Toyota Crown,2010 -,Petrol -,Automatic,"KSh1,600,000"
Toyota Rush,2011 -,Petrol -,Automatic,"KSh1,600,000"
Toyota Noah,2011 -,Petrol -,Automatic,"KSh1,600,000"
Toyota Crown 1500,2011 -,Petrol -,Automatic,"KSh1,600,000"
Toyota Rush,2011 -,Petrol -,Automatic,"KSh1,600,000"
Subaru Legacy 2.5,2011 -,Petrol -,Automatic,"KSh1,600,000"
Nissan Fuga,2011 -,Petrol -,Automatic,"KSh1,600,000"
Toyota Premio,2011 -,Petrol -,Automatic,"KSh1,600,000"
Toyota Rush,2012 -,Petrol -,Automatic,"KSh1,600,000"
Nissan Skyline,2011 -,Petrol -,Automatic,"KSh1,610,000"
Toyota Voxy,2011 -,Petrol -,Automatic,"KSh1,625,000"
Toyota Mark X,2012 -,Petrol -,Automatic,"KSh1,630,000"
Toyota Premio,2011 -,Petrol -,Automatic,"KSh1,630,000"
Nissan Fuga,2012 -,Petrol -,Automatic,"KSh1,630,000"
Toyota Hilux,2010 -,Diesel -,Automatic,"KSh1,650,000"
Mercedes-Benz E200,2009 -,Petrol -,Automatic,"KSh1,650,000"
Mercedes-Benz E200,2009 -,Petrol -,Automatic,"KSh1,650,000"
Nissan Dualis,2009 -,Petrol -,Automatic,"KSh1,650,000"
BMW X1,2010 -,Petrol -,Automatic,"KSh1,650,000"
Toyota Premio,2011 -,Petrol -,Automatic,"KSh1,650,000"
Toyota Mark X,2011 -,Petrol -,Automatic,"KSh1,650,000"
Toyota Premio,2012 -,Petrol -,Automatic,"KSh1,650,000"
Subaru Legacy,2011 -,Petrol -,Automatic,"KSh1,650,000"
Nissan Dualis,2011 -,Petrol -,Automatic,"KSh1,650,000"
Nissan Dualis,2011 -,Petrol -,Automatic,"KSh1,670,000"
Subaru Legacy 2.5 GT Wagon,2011 -,Petrol -,Automatic,"KSh1,675,000"
BMW 320i Exclusive E90,2011 -,Petrol -,Automatic,"KSh1,699,000"
Mercedes-Benz C200,2009 -,Petrol -,Automatic,"KSh1,700,000"
Mitsubishi RVR,2011 -,Petrol -,Automatic,"KSh1,700,000"
Ford Escape,2011 -,Petrol -,Automatic,"KSh1,700,000"
BMW 1 Series,2011 -,Petrol -,Automatic,"KSh1,700,000"
Toyota Rush,2011 -,Petrol -,Automatic,"KSh1,700,000"
Toyota Mark X,2012 -,Petrol -,Automatic,"KSh1,700,000"
Toyota Premio,2011 -,Petrol -,Automatic,"KSh1,700,000"
Toyota Premio,2011 -,Petrol -,Automatic,"KSh1,700,000"
Toyota Premio,2011 -,Petrol -,Automatic,"KSh1,720,000"
Toyota Premio,2011 -,Petrol -,Automatic,"KSh1,720,000"
Toyota Premio,2011 -,Petrol -,Automatic,"KSh1,720,000"
BMW 320i,2011 -,Petrol -,Automatic,"KSh1,720,000"
Nissan Dualis,2011 -,Petrol -,Automatic,"KSh1,725,000"
Mercedes-Benz C200 CGI,2011 -,Petrol -,Automatic,"KSh1,730,000"
Volvo S60 1.6 T4,2011 -,Petrol -,Automatic,"KSh1,740,000"
Volvo S60 1.6 T4,2011 -,Petrol -,Automatic,"KSh1,740,000"
Toyota Harrier,2007 -,Petrol -,Automatic,"KSh1,750,000"
Toyota Vanguard,2009 -,Petrol -,Automatic,"KSh1,750,000"
Mitsubishi RVR,2011 -,Petrol -,Automatic,"KSh1,750,000"
BMW 320i,2011 -,Petrol -,Automatic,"KSh1,750,000"
BMW 320i,2011 -,Petrol -,Automatic,"KSh1,750,000"
Toyota Mark X,2011 -,Petrol -,Automatic,"KSh1,750,000"
Ford Escape 3.0,2011 -,Petrol -,Automatic,"KSh1,750,000"
Mitsubishi RVR,2011 -,Petrol -,Automatic,"KSh1,750,000"
Subaru Legacy,2011 -,Petrol -,Automatic,"KSh1,750,000"
Toyota Premio,2013 -,Petrol -,Automatic,"KSh1,750,000"
Subaru Forester,2011 -,Petrol -,Manual,"KSh1,750,000"
Mitsubishi RVR,2011 -,Petrol -,Automatic,"KSh1,750,000"
Ford Escape XLT 2.3 4WD,2011 -,Petrol -,Automatic,"KSh1,750,000"
Mitsubishi RVR,2011 -,Petrol -,Automatic,"KSh1,750,000"
Mitsubishi RVR,2011 -,Petrol -,Automatic,"KSh1,750,000"
BMW 320i Automatic,2011 -,Petrol -,Automatic,"KSh1,750,000"
Ford Escape XLS 4WD Automatic,2011 -,Petrol -,Automatic,"KSh1,750,000"
Mercedes-Benz E220,2008 -,Diesel -,Automatic,"KSh1,760,000"
Toyota Premio,2012 -,Petrol -,Automatic,"KSh1,770,000"
Mitsubishi Outlander,2010 -,Petrol -,Automatic,"KSh1,780,000"
BMW 320i,2011 -,Petrol -,Automatic,"KSh1,785,000"
Mitsubishi RVR,2012 -,Petrol -,Automatic,"KSh1,799,000"
Toyota Hilux 3.0 D-4D Double Cab,2007 -,Diesel -,Automatic,"KSh1,800,000"
Volkswagen Touareg 2.5,2007 -,Petrol -,Automatic,"KSh1,800,000"
Peugeot 308,2010 -,Petrol -,Automatic,"KSh1,800,000"
Suzuki Escudo,2011 -,Petrol -,Automatic,"KSh1,800,000"
Toyota Crown 1500,2011 -,Petrol -,Automatic,"KSh1,800,000"
Toyota Premio,2011 -,Petrol -,Automatic,"KSh1,800,000"
Toyota Mark X,2011 -,Petrol -,Automatic,"KSh1,800,000"
Toyota Crown,2011 -,Petrol -,Automatic,"KSh1,800,000"
Toyota Rush,2012 -,Petrol -,Automatic,"KSh1,800,000"
Subaru Forester 2.0,2011 -,Petrol -,Automatic,"KSh1,800,000"
Ford Escape XLT 2.3 4WD,2011 -,Petrol -,Automatic,"KSh1,825,000"
Ford Escape XLT 2.3 4WD,2011 -,Petrol -,Automatic,"KSh1,825,000"
Toyota Land Cruiser Prado,2004 -,Petrol -,Automatic,"KSh1,850,000"
BMW X5 3.0,2004 -,Petrol -,Automatic,"KSh1,850,000"
Toyota Land Cruiser Prado,2005 -,Petrol -,Automatic,"KSh1,850,000"
Mitsubishi RVR,2011 -,Petrol -,Automatic,"KSh1,850,000"
Nissan X-Trail,2011 -,Petrol -,Automatic,"KSh1,850,000"
Toyota Mark X,2013 -,Petrol -,Automatic,"KSh1,850,000"
Mercedes-Benz E300,2006 -,Petrol -,Automatic,"KSh1,850,000"
Volkswagen Passat 1.4 TSI BlueMotion Estate,2011 -,Petrol -,Automatic,"KSh1,850,000"
Toyota Crown Royal 2.5,2011 -,Petrol -,Automatic,"KSh1,850,000"
Toyota Crown Royal 3.0,2011 -,Petrol -,Automatic,"KSh1,850,000"
Volkswagen Golf,2011 -,Petrol -,Automatic,"KSh1,850,000"
Ford Escape,2011 -,Petrol -,Automatic,"KSh1,860,000"
Toyota Harrier,2007 -,Petrol -,Automatic,"KSh1,875,000"
Mitsubishi RVR,2011 -,Petrol -,Automatic,"KSh1,880,000"
Mitsubishi ASX,2011 -,Petrol -,Automatic,"KSh1,880,000"
Ford Escape 3.0,2012 -,Petrol -,Automatic,"KSh1,890,000"
Isuzu D-MAX,2007 -,Diesel -,Manual,"KSh1,900,000"
Toyota Harrier,2010 -,Petrol -,Automatic,"KSh1,900,000"
Mitsubishi RVR,2011 -,Petrol -,Automatic,"KSh1,900,000"
Mitsubishi RVR,2011 -,Petrol -,Automatic,"KSh1,900,000"
Toyota RAV4,2011 -,Petrol -,Automatic,"KSh1,900,000"
Nissan X-Trail,2011 -,Petrol -,Automatic,"KSh1,900,000"
Mitsubishi Outlander,2011 -,Petrol -,Automatic,"KSh1,900,000"
Toyota Hilux,2011 -,Petrol -,Manual,"KSh1,900,000"
Honda CR-V,2011 -,Petrol -,Automatic,"KSh1,900,000"
Nissan X-Trail,2011 -,Petrol -,Automatic,"KSh1,920,000"
Volkswagen Tiguan 2.0 TSI,2010 -,Petrol -,Automatic,"KSh1,930,000"
Toyota Land Cruiser Prado,2005 -,Diesel -,Automatic,"KSh1,950,000"
Toyota Land Cruiser Prado,2005 -,Diesel -,Automatic,"KSh1,950,000"
Nissan X-Trail 2.2 dCi,2011 -,Diesel -,Automatic,"KSh1,950,000"
Toyota Land Cruiser Prado,2005 -,Petrol -,Automatic,"KSh1,950,000"
Toyota Land Cruiser Prado,2007 -,Petrol -,Automatic,"KSh1,950,000"
Honda CR-V 2.0,2010 -,Petrol -,Automatic,"KSh1,950,000"
Toyota RAV4 1.8,2010 -,Petrol -,Automatic,"KSh1,950,000"
Volkswagen Passat,2011 -,Petrol -,Automatic,"KSh1,950,000"
Toyota Crown Royal 2.5,2011 -,Petrol -,Automatic,"KSh1,950,000"
Volkswagen Tiguan,2011 -,Petrol -,Automatic,"KSh1,950,000"
Suzuki Escudo,2011 -,Petrol -,Automatic,"KSh1,950,000"
Mitsubishi Outlander,2011 -,Petrol -,Automatic,"KSh1,950,000"
Mitsubishi Outlander 2.0 DI-D,2011 -,Petrol -,Automatic,"KSh1,950,000"
Mitsubishi Outlander 2.0 DI-D,2011 -,Petrol -,Automatic,"KSh1,950,000"
Honda CR-V 2.0 4WD Automatic,2010 -,Petrol -,Automatic,"KSh1,950,000"
Honda CR-V 2.4,2010 -,Petrol -,Automatic,"KSh1,950,000"
Mitsubishi RVR 2.0,2011 -,Petrol -,Automatic,"KSh1,950,000"
Suzuki Escudo,2011 -,Petrol -,Automatic,"KSh1,950,000"
Volkswagen CC 2.0 TSI,2011 -,Petrol -,Automatic,"KSh1,950,000"
Suzuki Escudo,2011 -,Petrol -,Automatic,"KSh1,950,000"
Honda CR-V,2009 -,Petrol -,Automatic,"KSh1,975,000"
Subaru Forester 2.0,2011 -,Petrol -,Automatic,"KSh1,980,000"
Ford Escape 3.0,2011 -,Petrol -,Automatic,"KSh1,980,000"
Mitsubishi Outlander 2.4,2011 -,Petrol -,Automatic,"KSh1,980,000"
Lexus LX 570,2012 -,Petrol -,Automatic,"KSh10,500,000"
Mercedes-Benz S Class,2014 -,Petrol -,Automatic,"KSh10,990,000"
Mercedes-Benz S Class,2015 -,Hybrid -,Automatic,"KSh11,500,000"
Toyota Land Cruiser,2016 -,Petrol -,Automatic,"KSh12,500,000"
Jeep Wrangler 3.6 V6,2014 -,Petrol -,Automatic,"KSh13,500,000"
Land Rover Range Rover Vogue,2013 -,Diesel -,Automatic,"KSh14,000,000"
Toyota Land Cruiser,2017 -,Petrol -,Automatic,"KSh14,500,000"
Toyota Land Cruiser,2017 -,Petrol -,Automatic,"KSh14,500,000"
Toyota Land Cruiser,2015 -,Diesel -,Automatic,"KSh15,000,000"
Toyota Land Cruiser,2015 -,Diesel -,Automatic,"KSh15,000,000"
Toyota Land Cruiser,2015 -,Diesel -,Automatic,"KSh15,000,000"
Infiniti QX80,2017 -,Petrol -,Automatic,"KSh16,800,000"
Land Rover Range Rover Velar,2017 -,Petrol -,Automatic,"KSh16,800,000"
Lexus LX 570,2015 -,Petrol -,Automatic,"KSh17,500,000"
Lexus LX,2016 -,Diesel -,Automatic,"KSh18,000,000"
Toyota Land Cruiser,2018 -,Diesel -,Automatic,"KSh18,000,000"
Subaru Leone,1994 -,Petrol -,Manual,"KSh195,000"
Toyota Land Cruiser Prado,2004 -,Diesel -,Automatic,"KSh2,000,000"
Nissan X-Trail,2011 -,Diesel -,Automatic,"KSh2,000,000"
Isuzu D-MAX,2011 -,Diesel -,Automatic,"KSh2,000,000"
Toyota Hilux,2011 -,Diesel -,Manual,"KSh2,000,000"
Toyota Hilux,2011 -,Diesel -,Manual,"KSh2,000,000"
Toyota Land Cruiser Prado,2007 -,Petrol -,Automatic,"KSh2,000,000"
Honda CR-V 2.4,2010 -,Petrol -,Automatic,"KSh2,000,000"
BMW X1,2011 -,Petrol -,Automatic,"KSh2,000,000"
Mitsubishi Outlander,2011 -,Petrol -,Automatic,"KSh2,000,000"
Subaru Forester,2011 -,Petrol -,Automatic,"KSh2,000,000"
Mitsubishi RVR,2012 -,Petrol -,Automatic,"KSh2,000,000"
Toyota Crown DeLuxe 2300,2012 -,Petrol -,Automatic,"KSh2,000,000"
Mitsubishi Outlander 2.0 DI-D,2011 -,Petrol -,Automatic,"KSh2,000,000"
Audi A4 Avant 2.0 T FSI,2011 -,Petrol -,Automatic,"KSh2,000,000"
Audi A4 Avant 2.0 T FSI,2011 -,Petrol -,Automatic,"KSh2,000,000"
Toyota Hilux 2.5 D-4D,2011 -,Diesel -,Manual,"KSh2,050,000"
BMW X1,2011 -,Petrol -,Automatic,"KSh2,050,000"
Subaru Outback,2011 -,Petrol -,Automatic,"KSh2,050,000"
Volkswagen Touareg 2.5,2006 -,Petrol -,Automatic,"KSh2,050,000"
Subaru Forester 2.0 AWD,2011 -,Petrol -,Automatic,"KSh2,050,000"
Toyota Hilux 2.5 D-4D,2011 -,Diesel -,Automatic,"KSh2,080,000"
Volkswagen Passat 2.0 Sedan,2011 -,Petrol -,Automatic,"KSh2,090,000"
Toyota Hilux,2011 -,Diesel -,Manual,"KSh2,100,000"
Toyota Hilux,2011 -,Diesel -,Manual,"KSh2,100,000"
Audi A5,2009 -,Petrol -,Automatic,"KSh2,100,000"
Suzuki Escudo,2010 -,Petrol -,Automatic,"KSh2,100,000"
Honda CR-V,2011 -,Petrol -,Automatic,"KSh2,100,000"
Toyota Crown Automatic,2011 -,Petrol -,Automatic,"KSh2,100,000"
Honda CR-V,2010 -,Petrol -,Automatic,"KSh2,100,000"
Toyota Crown,2010 -,Petrol -,Automatic,"KSh2,100,000"
BMW X3 2.5 i,2008 -,Petrol -,Automatic,"KSh2,100,000"
Subaru Forester 2.0 S,2011 -,Petrol -,Automatic,"KSh2,100,000"
Subaru Forester 2.0,2011 -,Petrol -,Automatic,"KSh2,150,000"
Subaru Forester,2011 -,Petrol -,Automatic,"KSh2,150,000"
Subaru Outback,2011 -,Petrol -,Automatic,"KSh2,150,000"
Subaru Forester 2.0,2011 -,Petrol -,Automatic,"KSh2,150,000"
Subaru Forester,2011 -,Petrol -,Automatic,"KSh2,150,000"
Subaru Forester,2011 -,Petrol -,Automatic,"KSh2,150,000"
Subaru Forester 2.0 XT Turbo,2011 -,Petrol -,Automatic,"KSh2,150,000"
Subaru Forester,2011 -,Petrol -,Automatic,"KSh2,150,000"
Subaru Forester,2011 -,Petrol -,Automatic,"KSh2,150,000"
Mitsubishi Outlander 2.4,2011 -,Petrol -,Automatic,"KSh2,150,000"
Subaru Forester 2.0 AWD,2012 -,Petrol -,Automatic,"KSh2,150,000"
Subaru Forester 2.0 AWD,2012 -,Petrol -,Automatic,"KSh2,150,000"
Audi A4 Avant 1.8 T Quattro,2011 -,Petrol -,Automatic,"KSh2,180,000"
Toyota Land Cruiser Prado,2004 -,Diesel -,Automatic,"KSh2,200,000"
Toyota Hilux 2.5 D-4D,2011 -,Diesel -,Manual,"KSh2,200,000"
Volkswagen Tiguan 2.0 TSI,2008 -,Petrol -,Automatic,"KSh2,200,000"
Mitsubishi Outlander,2011 -,Petrol -,Automatic,"KSh2,200,000"
Mercedes-Benz C200,2011 -,Petrol -,Automatic,"KSh2,200,000"
Mercedes-Benz C200 CDI Sports Coupe,2011 -,Petrol -,Automatic,"KSh2,200,000"
Volkswagen Tiguan 1.4 TSI,2011 -,Petrol -,Automatic,"KSh2,200,000"
Toyota Vanguard,2011 -,Petrol -,Automatic,"KSh2,200,000"
Subaru Outback,2011 -,Petrol -,Automatic,"KSh2,200,000"
Mazda CX-5,2012 -,Petrol -,Automatic,"KSh2,200,000"
Mazda CX-5,2012 -,Petrol -,Automatic,"KSh2,200,000"
Subaru Forester 2.0 X Comfort,2011 -,Petrol -,Automatic,"KSh2,200,000"
Subaru Forester,2011 -,Petrol -,Automatic,"KSh2,200,000"
Subaru Forester 2.0 X Comfort,2011 -,Petrol -,Automatic,"KSh2,200,000"
Subaru Forester 2.0 X Comfort,2011 -,Petrol -,Automatic,"KSh2,200,000"
Subaru Forester,2011 -,Petrol -,Automatic,"KSh2,200,000"
Subaru Forester 2.0,2011 -,Petrol -,Automatic,"KSh2,200,000"
Toyota RAV4,2011 -,Petrol -,Automatic,"KSh2,200,000"
Mitsubishi Outlander,2011 -,Petrol -,Automatic,"KSh2,200,000"
Toyota Hilux 2.5 D-4D,2010 -,Diesel -,Automatic,"KSh2,250,000"
Toyota Hilux 2.5 D-4D Double Cab,2010 -,Diesel -,Automatic,"KSh2,250,000"
Toyota Hilux 2.5 D-4D Double Cab,2010 -,Diesel -,Automatic,"KSh2,250,000"
Toyota Land Cruiser,2004 -,Petrol -,Automatic,"KSh2,250,000"
Audi A4 1.8 Automat,2010 -,Petrol -,Automatic,"KSh2,250,000"
Toyota Vellfire,2011 -,Petrol -,Automatic,"KSh2,250,000"
Subaru Forester 2.0,2011 -,Petrol -,Automatic,"KSh2,250,000"
Toyota RAV4 1.8,2012 -,Petrol -,Automatic,"KSh2,250,000"
Honda CR-V,2011 -,Petrol -,Automatic,"KSh2,250,000"
Toyota RAV4 2.2 D-CAT,2011 -,Diesel -,Automatic,"KSh2,252,317"
Toyota RAV4 2.2 D-CAT,2011 -,Diesel -,Automatic,"KSh2,254,863"
Subaru Outback 2.5 i Limited,2011 -,Petrol -,Automatic,"KSh2,290,000"
Subaru Outback 2.5 i Limited,2011 -,Petrol -,Automatic,"KSh2,290,000"
Mercedes-Benz C200 CGI,2011 -,Petrol -,Automatic,"KSh2,299,000"
Toyota Hilux,2012 -,Diesel -,Automatic,"KSh2,300,000"
Subaru Forester,2010 -,Petrol -,Automatic,"KSh2,300,000"
Mercedes-Benz C200,2011 -,Petrol -,Automatic,"KSh2,300,000"
Mercedes-Benz C200,2011 -,Petrol -,Automatic,"KSh2,300,000"
Subaru Outback,2011 -,Petrol -,Automatic,"KSh2,300,000"
Subaru Outback,2011 -,Petrol -,Automatic,"KSh2,300,000"
Toyota RAV4,2011 -,Petrol -,Automatic,"KSh2,300,000"
BMW X1 2.0 DPF,2011 -,Petrol -,Automatic,"KSh2,300,000"
BMW X1 xDrive30i,2011 -,Petrol -,Automatic,"KSh2,300,000"
Toyota Land Cruiser,2002 -,Diesel -,Automatic,"KSh2,350,000"
Toyota Vanguard,2011 -,Petrol -,Automatic,"KSh2,350,000"
Audi A4,2011 -,Petrol -,Automatic,"KSh2,350,000"
Audi A5,2011 -,Petrol -,Automatic,"KSh2,350,000"
Honda CR-V 2.0,2007 -,Petrol -,Automatic,"KSh2,350,000"
Volkswagen Tiguan 2.0 TSI,2011 -,Petrol -,Automatic,"KSh2,350,000"
BMW X1 sDrive28i,2011 -,Petrol -,Automatic,"KSh2,350,000"
Mercedes-Benz C200 CGI,2011 -,Petrol -,Automatic,"KSh2,399,000"
Mercedes-Benz C200 CGI,2011 -,Petrol -,Automatic,"KSh2,399,000"
Mercedes-Benz C200 CGI,2011 -,Petrol -,Automatic,"KSh2,399,000"
Subaru Outback 2.5 i Limited,2011 -,Petrol -,Automatic,"KSh2,399,000"
Toyota Hilux,2011 -,Diesel -,Manual,"KSh2,400,000"
Toyota Vanguard,2011 -,Petrol -,Automatic,"KSh2,400,000"
Mercedes-Benz C200,2011 -,Petrol -,Automatic,"KSh2,400,000"
Mercedes-Benz C200 CDI Sports Coupe,2011 -,Petrol -,Automatic,"KSh2,400,000"
Toyota Vanguard,2011 -,Petrol -,Automatic,"KSh2,400,000"
Mercedes-Benz C200 CDI Sports Coupe,2011 -,Petrol -,Automatic,"KSh2,400,000"
Toyota Vanguard,2011 -,Petrol -,Automatic,"KSh2,400,000"
Toyota Vanguard,2011 -,Petrol -,Automatic,"KSh2,400,000"
BMW 320i Automatic,2012 -,Petrol -,Automatic,"KSh2,400,000"
Subaru Outback 2.5i Premium,2011 -,Petrol -,Automatic,"KSh2,400,000"
Subaru Outback 2.5i Premium,2011 -,Petrol -,Automatic,"KSh2,400,000"
Toyota RAV4 2.0,2011 -,Petrol -,Automatic,"KSh2,400,000"
Mercedes-Benz C200 Kompressor,2011 -,Petrol -,Automatic,"KSh2,400,000"
Toyota RAV4,2012 -,Petrol -,Automatic,"KSh2,400,000"
Toyota Land Cruiser Prado,2007 -,Petrol -,Automatic,"KSh2,450,000"
Toyota Land Cruiser Prado,2007 -,Petrol -,Automatic,"KSh2,450,000"
Toyota Land Cruiser Prado,2007 -,Petrol -,Automatic,"KSh2,450,000"
Toyota Vanguard,2010 -,Petrol -,Automatic,"KSh2,450,000"
Toyota Vanguard,2011 -,Petrol -,Automatic,"KSh2,450,000"
Toyota Vanguard,2011 -,Petrol -,Automatic,"KSh2,450,000"
Subaru Forester,2011 -,Petrol -,Automatic,"KSh2,450,000"
Subaru Forester,2011 -,Petrol -,Automatic,"KSh2,450,000"
Toyota Vanguard,2012 -,Petrol -,Automatic,"KSh2,450,000"
Mercedes-Benz C200 CDI Sports Coupe,2011 -,Petrol -,Automatic,"KSh2,450,000"
Honda CR-V 2.4,2011 -,Petrol -,Automatic,"KSh2,450,000"
Mercedes-Benz C180,2012 -,Petrol -,Automatic,"KSh2,450,000"
Toyota Hilux 2.5 D-4D Double Cab 4x4 SRX,2010 -,Diesel -,Automatic,"KSh2,480,000"
Toyota Land Cruiser Prado,2006 -,Diesel -,Automatic,"KSh2,500,000"
Toyota Land Cruiser 100 VX 4.7 V8,2005 -,Petrol -,Automatic,"KSh2,500,000"
Toyota Land Cruiser Prado,2007 -,Petrol -,Automatic,"KSh2,500,000"
Audi A6,2010 -,Petrol -,Automatic,"KSh2,500,000"
Volkswagen Touareg,2011 -,Petrol -,Automatic,"KSh2,500,000"
Volkswagen Tiguan 2.0 SE 4Motion,2011 -,Petrol -,Automatic,"KSh2,500,000"
Honda CR-V,2011 -,Petrol -,Automatic,"KSh2,500,000"
Mercedes-Benz C200 Kompressor,2011 -,Petrol -,Automatic,"KSh2,500,000"
Toyota RAV4,2012 -,Petrol -,Automatic,"KSh2,500,000"
Mercedes-Benz C200,2011 -,Petrol -,Automatic,"KSh2,500,000"
Mercedes-Benz C200,2011 -,Petrol -,Automatic,"KSh2,500,000"
Mercedes-Benz C200 CDI Sports Coupe,2011 -,Petrol -,Automatic,"KSh2,500,000"
Audi Q7 3.6,2006 -,Diesel -,Automatic,"KSh2,550,000"
Toyota Harrier,2010 -,Petrol -,Automatic,"KSh2,550,000"
Mitsubishi Outlander,2011 -,Petrol -,Automatic,"KSh2,550,000"
Toyota Vanguard,2011 -,Petrol -,Automatic,"KSh2,550,000"
Audi A4,2011 -,Petrol -,Automatic,"KSh2,550,000"
Volkswagen Tiguan 2.0 TSI,2012 -,Petrol -,Automatic,"KSh2,550,000"
Volkswagen Passat,2013 -,Petrol -,Automatic,"KSh2,550,000"
Toyota Vanguard,2011 -,Petrol -,Automatic,"KSh2,550,000"
Toyota Vanguard,2011 -,Petrol -,Automatic,"KSh2,550,000"
Toyota Vanguard,2011 -,Petrol -,Automatic,"KSh2,550,000"
Toyota Vanguard,2011 -,Petrol -,Automatic,"KSh2,550,000"
Toyota Vanguard,2011 -,Petrol -,Automatic,"KSh2,550,000"
Toyota Vanguard,2011 -,Petrol -,Automatic,"KSh2,550,000"
Toyota Vanguard,2011 -,Petrol -,Automatic,"KSh2,550,000"
Mercedes-Benz C200 CDI Sports Coupe,2011 -,Petrol -,Automatic,"KSh2,550,000"
Toyota Vanguard,2012 -,Petrol -,Automatic,"KSh2,550,000"
Toyota Vanguard,2012 -,Petrol -,Automatic,"KSh2,550,000"
Toyota Hilux 2.5 D-4D Double Cab 4x4 SRX,2010 -,Diesel -,Automatic,"KSh2,580,000"
Toyota Hilux 2.5 D-4D Double Cab 4x4 SRX,2010 -,Diesel -,Automatic,"KSh2,580,000"
Toyota Vanguard,2011 -,Petrol -,Automatic,"KSh2,580,000"
Lexus GS 450h,2010 -,Hybrid -,Automatic,"KSh2,600,000"
BMW X5 3.0,2007 -,Petrol -,Automatic,"KSh2,600,000"
Toyota Vanguard,2012 -,Petrol -,Automatic,"KSh2,600,000"
Volkswagen Tiguan 2.0 S 4Motion,2011 -,Petrol -,Automatic,"KSh2,600,000"
Volkswagen Tiguan 2.0 S 4Motion,2011 -,Petrol -,Automatic,"KSh2,600,000"
Volkswagen Tiguan,2012 -,Petrol -,Automatic,"KSh2,620,000"
Mitsubishi Outlander,2013 -,Petrol -,Automatic,"KSh2,620,000"
Mitsubishi Outlander,2013 -,Petrol -,Automatic,"KSh2,620,000"
Mitsubishi Outlander,2013 -,Petrol -,Automatic,"KSh2,620,000"
Toyota Land Cruiser Prado,2004 -,Diesel -,Automatic,"KSh2,650,000"
Toyota Land Cruiser Prado,2007 -,Diesel -,Automatic,"KSh2,650,000"
Toyota Harrier,2010 -,Petrol -,Automatic,"KSh2,650,000"
Toyota Vanguard,2011 -,Petrol -,Automatic,"KSh2,650,000"
Mercedes-Benz C180,2011 -,Petrol -,Automatic,"KSh2,650,000"
Toyota Vanguard,2011 -,Petrol -,Automatic,"KSh2,650,000"
Toyota Vanguard,2011 -,Petrol -,Automatic,"KSh2,650,000"
Toyota Vanguard,2011 -,Petrol -,Automatic,"KSh2,650,000"
Toyota Crown Royal 2.5,2013 -,Petrol -,Automatic,"KSh2,650,000"
Mercedes-Benz C200,2011 -,Petrol -,Automatic,"KSh2,650,000"
Toyota Harrier,2011 -,Petrol -,Automatic,"KSh2,650,000"
Toyota Vanguard,2011 -,Petrol -,Automatic,"KSh2,650,000"
Toyota Vanguard,2011 -,Petrol -,Automatic,"KSh2,650,000"
Mercedes-Benz E250,2006 -,Diesel -,Automatic,"KSh2,700,000"
Isuzu Rodeo,2011 -,Diesel -,Manual,"KSh2,700,000"
Mitsubishi Canter,2011 -,Diesel -,Manual,"KSh2,700,000"
Nissan Pathfinder 2.5 dCi,2013 -,Diesel -,Automatic,"KSh2,700,000"
Mercedes-Benz E350,2009 -,Petrol -,Automatic,"KSh2,700,000"
Toyota Vanguard,2012 -,Petrol -,Automatic,"KSh2,700,000"
Toyota Vanguard,2012 -,Petrol -,Automatic,"KSh2,700,000"
Volkswagen Tiguan,2012 -,Petrol -,Automatic,"KSh2,700,000"
Volkswagen Tiguan 1.4 TSI,2013 -,Petrol -,Automatic,"KSh2,700,000"
Toyota Harrier,2011 -,Petrol -,Automatic,"KSh2,700,000"
Toyota Harrier,2011 -,Petrol -,Automatic,"KSh2,720,000"
Volkswagen Tiguan,2013 -,Petrol -,Automatic,"KSh2,750,000"
Toyota Harrier,2011 -,Petrol -,Automatic,"KSh2,750,000"
Toyota Harrier,2011 -,Petrol -,Automatic,"KSh2,750,000"
Toyota Harrier,2011 -,Petrol -,Automatic,"KSh2,750,000"
Toyota Harrier,2011 -,Petrol -,Automatic,"KSh2,780,000"
Toyota Harrier,2011 -,Petrol -,Automatic,"KSh2,780,000"
Toyota Harrier,2011 -,Petrol -,Automatic,"KSh2,780,000"
Toyota Harrier,2011 -,Petrol -,Automatic,"KSh2,780,000"
Toyota Harrier,2012 -,Petrol -,Automatic,"KSh2,780,000"
Toyota Harrier,2012 -,Petrol -,Automatic,"KSh2,780,000"
Toyota Harrier,2011 -,Petrol -,Automatic,"KSh2,790,000"
Toyota Land Cruiser,2002 -,Diesel -,Automatic,"KSh2,800,000"
Volkswagen Tiguan,2011 -,Diesel -,Automatic,"KSh2,800,000"
Toyota Land Cruiser Prado,2008 -,Petrol -,Automatic,"KSh2,800,000"
Toyota Land Cruiser Prado,2008 -,Petrol -,Automatic,"KSh2,800,000"
Toyota Land Cruiser Prado,2009 -,Petrol -,Automatic,"KSh2,800,000"
Toyota Harrier,2011 -,Petrol -,Automatic,"KSh2,800,000"
Toyota Crown Royal 2.5,2013 -,Petrol -,Automatic,"KSh2,800,000"
Subaru Forester,2013 -,Petrol -,Automatic,"KSh2,800,000"
Toyota Harrier,2012 -,Petrol -,Automatic,"KSh2,800,000"
Toyota Harrier,2012 -,Petrol -,Automatic,"KSh2,820,000"
Toyota RAV4 2.0,2012 -,Petrol -,Automatic,"KSh2,846,471"
Mercedes-Benz E350,2009 -,Diesel -,Automatic,"KSh2,850,000"
Toyota Land Cruiser 100 4.2 TD,2002 -,Diesel -,Automatic,"KSh2,850,000"
Toyota Hilux 3.0 D-4D Double Cab,2013 -,Diesel -,Automatic,"KSh2,850,000"
Toyota Hilux,2013 -,Diesel -,Automatic,"KSh2,850,000"
Toyota Land Cruiser Prado,2007 -,Petrol -,Automatic,"KSh2,850,000"
Toyota Harrier,2011 -,Petrol -,Automatic,"KSh2,850,000"
Toyota Harrier,2011 -,Petrol -,Automatic,"KSh2,850,000"
Toyota Harrier,2012 -,Petrol -,Automatic,"KSh2,850,000"
Toyota Harrier,2012 -,Petrol -,Automatic,"KSh2,850,000"
Mitsubishi Pajero,2011 -,Diesel -,Automatic,"KSh2,900,000"
Toyota Harrier,2011 -,Petrol -,Automatic,"KSh2,900,000"
Toyota Harrier,2011 -,Petrol -,Automatic,"KSh2,900,000"
Toyota Harrier,2012 -,Petrol -,Automatic,"KSh2,900,000"
Lexus RX 330 4WD,2009 -,Petrol -,Automatic,"KSh2,900,000"
Toyota Harrier,2010 -,Petrol -,Automatic,"KSh2,900,000"
Toyota Harrier,2012 -,Petrol -,Automatic,"KSh2,920,000"
Toyota Harrier,2012 -,Hybrid -,Automatic,"KSh2,950,000"
Mitsubishi Pajero,2010 -,Petrol -,Automatic,"KSh2,950,000"
Toyota Harrier,2011 -,Petrol -,Automatic,"KSh2,950,000"
Toyota Harrier,2011 -,Petrol -,Automatic,"KSh2,950,000"
Toyota Harrier,2012 -,Petrol -,Automatic,"KSh2,950,000"
Toyota Harrier,2012 -,Petrol -,Automatic,"KSh2,950,000"
Toyota Harrier,2012 -,Petrol -,Automatic,"KSh2,950,000"
Toyota RAV4 2.0,2012 -,Diesel -,Automatic,"KSh2,967,741"
Mercedes-Benz 190E,1993 -,Petrol -,Automatic,"KSh235,000"
Peugeot 306,1997 -,Petrol -,Automatic,"KSh250,000"
Peugeot 504,1989 -,Petrol -,Manual,"KSh260,000"
Nissan March,2001 -,Petrol -,Automatic,"KSh295,000"
Toyota Hilux 3.0 D-4D Double Cab,2011 -,Diesel -,Automatic,"KSh3,000,000"
Volkswagen Tiguan,2011 -,Petrol -,Automatic,"KSh3,000,000"
Mercedes-Benz E250,2011 -,Petrol -,Automatic,"KSh3,000,000"
Mercedes-Benz E250,2011 -,Petrol -,Automatic,"KSh3,000,000"
Toyota Harrier,2011 -,Petrol -,Automatic,"KSh3,070,000"
Mercedes-Benz E250,2012 -,Petrol -,Automatic,"KSh3,090,000"
Toyota Hilux 2.0 VVT-i,2012 -,Diesel -,Automatic,"KSh3,200,000"
Toyota Land Cruiser,1995 -,Diesel -,Automatic,"KSh3,200,000"
Toyota Hilux 2.5 D-4D Double Cab,2011 -,Diesel -,Manual,"KSh3,200,000"
Mercedes-Benz E200,2011 -,Petrol -,Automatic,"KSh3,200,000"
Mercedes-Benz E300,2010 -,Petrol -,Automatic,"KSh3,200,000"
Audi Q5,2011 -,Petrol -,Automatic,"KSh3,200,000"
Subaru Forester 2.0 S Type A Automatic,2011 -,Petrol -,Automatic,"KSh3,200,000"
Toyota Hilux 3.0 D-4D Double Cab,2011 -,Diesel -,Automatic,"KSh3,250,000"
Toyota Hilux 3.0 D-4D Double Cab,2011 -,Diesel -,Automatic,"KSh3,300,000"
Toyota Harrier,2012 -,Hybrid -,Automatic,"KSh3,300,000"
BMW X3,2011 -,Petrol -,Automatic,"KSh3,300,000"
BMW X5 3.0 i,2010 -,Petrol -,Automatic,"KSh3,350,000"
Volkswagen Amarok,2011 -,Diesel -,Automatic,"KSh3,400,000"
Toyota Hilux 2.0 VVT-i,2011 -,Petrol -,Automatic,"KSh3,400,000"
Toyota Hilux 3.0 D-4D Double Cab,2011 -,Diesel -,Automatic,"KSh3,450,000"
Toyota Hilux 3.0 D-4D Double Cab,2011 -,Diesel -,Automatic,"KSh3,450,000"
Mercedes-Benz E250,2011 -,Petrol -,Automatic,"KSh3,450,000"
Mitsubishi Pajero,2011 -,Petrol -,Automatic,"KSh3,450,000"
Audi Q5 2.0 T,2011 -,Petrol -,Automatic,"KSh3,450,000"
Toyota Harrier,2012 -,Petrol -,Automatic,"KSh3,450,000"
Mercedes-Benz E200,2011 -,Petrol -,Automatic,"KSh3,450,000"
Toyota Hilux 3.0 D-4D Double Cab 4x4 Raider,2011 -,Diesel -,Automatic,"KSh3,500,000"
Mercedes-Benz C250,2014 -,Diesel -,Automatic,"KSh3,500,000"
Toyota Hilux 2.5 D-4D Double Cab 4x4 SRX,2011 -,Diesel -,Manual,"KSh3,500,000"
Toyota Hilux 3.0 D-4D Double Cab,2012 -,Diesel -,Automatic,"KSh3,500,000"
Isuzu D-MAX,2015 -,Diesel -,Automatic,"KSh3,500,000"
Lexus RX 270,2010 -,Petrol -,Automatic,"KSh3,500,000"
Lexus RX,2011 -,Petrol -,Automatic,"KSh3,500,000"
Audi Q5 2.0 T,2011 -,Petrol -,Automatic,"KSh3,500,000"
Toyota Hilux,2011 -,Diesel -,Automatic,"KSh3,600,000"
Toyota Fortuner 3.0 D-4D 4x4,2011 -,Diesel -,Automatic,"KSh3,600,000"
BMW X5 xDrive 35d,2009 -,Diesel -,Automatic,"KSh3,600,000"
Subaru Forester 2.0 XT Turbo,2013 -,Petrol -,Automatic,"KSh3,600,000"
Subaru Forester 2.0 XT Turbo,2013 -,Petrol -,Automatic,"KSh3,650,000"
BMW X6 xDrive 35d,2007 -,Diesel -,Automatic,"KSh3,700,000"
Toyota FJ CRUISER,2011 -,Petrol -,Automatic,"KSh3,700,000"
Toyota Hilux 3.0 D-4D Double Cab,2012 -,Diesel -,Automatic,"KSh3,750,000"
Toyota Hilux 3.0 D-4D Double Cab,2012 -,Diesel -,Automatic,"KSh3,750,000"
Toyota RAV4 2.5,2014 -,Petrol -,Automatic,"KSh3,750,000"
Toyota RAV4 2.5,2014 -,Petrol -,Automatic,"KSh3,750,000"
Toyota Land Cruiser Prado,2010 -,Diesel -,Automatic,"KSh3,800,000"
Toyota Land Cruiser 200 V8 4.7,2008 -,Petrol -,Automatic,"KSh3,800,000"
Toyota Land Cruiser Prado,2009 -,Petrol -,Automatic,"KSh3,800,000"
Mercedes-Benz E350,2010 -,Petrol -,Automatic,"KSh3,800,000"
Lexus RX 270,2011 -,Petrol -,Automatic,"KSh3,800,000"
Lexus RX 350,2011 -,Petrol -,Automatic,"KSh3,800,000"
Lexus RX 350,2011 -,Petrol -,Automatic,"KSh3,800,000"
Toyota FJ CRUISER,2011 -,Petrol -,Automatic,"KSh3,800,000"
Honda CR-V,2012 -,Petrol -,Automatic,"KSh3,800,000"
Subaru Forester,2012 -,Petrol -,Automatic,"KSh3,800,000"
BMW X5,2011 -,Diesel -,Automatic,"KSh3,850,000"
Ford Ranger 3.0 Regular Cab 4x4,2013 -,Diesel -,Manual,"KSh3,850,000"
Toyota Hilux 3.0 D-4D Double Cab,2013 -,Diesel -,Manual,"KSh3,900,000"
Lexus RX,2011 -,Hybrid -,Automatic,"KSh3,900,000"
Toyota FJ CRUISER 2WD,2012 -,Petrol -,Automatic,"KSh3,900,000"
Toyota Land Cruiser Prado,2010 -,Petrol -,Automatic,"KSh3,900,000"
Toyota Land Cruiser Prado,2008 -,Diesel -,Automatic,"KSh3,950,000"
Toyota Hilux,2012 -,Diesel -,Automatic,"KSh3,950,000"
Lexus RX 450h,2010 -,Petrol -,Automatic,"KSh3,950,000"
BMW 335i Coupe 335,2007 -,Petrol -,Automatic,"KSh3,950,000"
Lexus RX 270,2011 -,Petrol -,Automatic,"KSh3,950,000"
Toyota FJ CRUISER,2011 -,Petrol -,Automatic,"KSh3,950,000"
Toyota Land Cruiser Prado,2010 -,Petrol -,Automatic,"KSh3,990,000"
Mercedes-Benz S Class 2.8 Auto,2011 -,Petrol -,Automatic,"KSh3,990,000"
Mitsubishi Mirage,1998 -,Petrol -,Automatic,"KSh300,000"
Toyota Chaser,1996 -,Petrol -,Automatic,"KSh320,000"
Nissan Sunny 1.6,2003 -,Petrol -,Automatic,"KSh320,000"
Mitsubishi Galant,2003 -,Petrol -,Automatic,"KSh350,000"
Toyota Corolla Sprinter 140i,2006 -,Petrol -,Automatic,"KSh350,000"
Lexus RX 270,2011 -,Petrol -,Automatic,"KSh36,000,00"
Toyota Corolla 1.5,1997 -,Petrol -,Manual,"KSh370,000"
Toyota Corolla 1.3,2006 -,Petrol -,Automatic,"KSh375,000"
Mercedes-Benz E200,1999 -,Petrol -,Automatic,"KSh395,000"
Volkswagen Passat,1999 -,Petrol -,Manual,"KSh395,000"
Toyota Land Cruiser Prado,2011 -,Petrol -,Automatic,"KSh4,050,000"
Lexus RX,2011 -,Hybrid -,Automatic,"KSh4,100,000"
Lexus RX 450h,2011 -,Hybrid -,Automatic,"KSh4,100,000"
Lexus RX 350,2011 -,Petrol -,Automatic,"KSh4,100,000"
Toyota Land Cruiser Prado,2008 -,Diesel -,Automatic,"KSh4,150,000"
Toyota Land Cruiser Prado,2011 -,Petrol -,Automatic,"KSh4,180,000"
Toyota Fortuner,2010 -,Diesel -,Automatic,"KSh4,200,000"
Lexus RX 450h,2012 -,Hybrid -,Automatic,"KSh4,200,000"
Toyota Harrier,2013 -,Hybrid -,Automatic,"KSh4,200,000"
Toyota Harrier,2014 -,Hybrid -,Automatic,"KSh4,200,000"
BMW X5 3.0,2010 -,Petrol -,Automatic,"KSh4,200,000"
Lexus RX 450h,2011 -,Petrol -,Automatic,"KSh4,200,000"
Lexus RX 3.0 Auto,2011 -,Petrol -,Automatic,"KSh4,200,000"
Toyota Harrier,2014 -,Petrol -,Automatic,"KSh4,200,000"
Toyota Land Cruiser,2007 -,Diesel -,Automatic,"KSh4,300,000"
Lexus RX 450h,2011 -,Hybrid -,Automatic,"KSh4,300,000"
Porsche Cayenne,2010 -,Petrol -,Automatic,"KSh4,300,000"
BMW X5 3.0,2011 -,Petrol -,Automatic,"KSh4,300,000"
Toyota Land Cruiser Prado,2010 -,Petrol -,Automatic,"KSh4,340,000"
Volkswagen Touareg,2011 -,Hybrid -,Automatic,"KSh4,350,000"
Lexus RX 350,2011 -,Petrol -,Automatic,"KSh4,400,000"
Volkswagen Touareg,2011 -,Petrol -,Automatic,"KSh4,400,000"
Toyota Land Cruiser Prado,2010 -,Petrol -,Automatic,"KSh4,450,000"
BMW X5,2011 -,Petrol -,Automatic,"KSh4,450,000"
Toyota Land Cruiser,2008 -,Petrol -,Automatic,"KSh4,500,000"
Toyota Land Cruiser Prado,2010 -,Petrol -,Automatic,"KSh4,500,000"
Lexus RX 450h,2011 -,Petrol -,Automatic,"KSh4,500,000"
Toyota Land Cruiser Prado,2011 -,Petrol -,Automatic,"KSh4,500,000"
Toyota Land Cruiser Prado,2012 -,Petrol -,Automatic,"KSh4,500,000"
Toyota Land Cruiser Prado,2012 -,Petrol -,Automatic,"KSh4,550,000"
Land Rover Discovery IV,2011 -,Diesel -,Automatic,"KSh4,600,000"
Ford Ranger 1.8 XL,2011 -,Diesel -,Automatic,"KSh4,600,000"
Ford Ranger 1.8 XL,2011 -,Diesel -,Automatic,"KSh4,600,000"
Ford Ranger 1.8 XL,2019 -,Diesel -,Automatic,"KSh4,600,000"
Toyota Land Cruiser Prado,2011 -,Petrol -,Automatic,"KSh4,600,000"
Toyota Land Cruiser Prado,2012 -,Petrol -,Automatic,"KSh4,600,000"
Toyota Land Cruiser Prado,2011 -,Petrol -,Automatic,"KSh4,650,000"
Volkswagen Touareg,2011 -,Diesel -,Automatic,"KSh4,700,000"
Land Rover Discovery IV,2011 -,Diesel -,Automatic,"KSh4,700,000"
Volkswagen Touareg 3.6 FSi,2011 -,Petrol -,Automatic,"KSh4,700,000"
Toyota Land Cruiser Prado,2011 -,Petrol -,Automatic,"KSh4,700,000"
Lexus RX 450h,2011 -,Petrol -,Automatic,"KSh4,750,000"
Toyota Harrier,2014 -,Petrol -,Automatic,"KSh4,750,000"
Toyota Land Cruiser Prado,2010 -,Petrol -,Automatic,"KSh4,800,000"
Toyota Land Cruiser Prado,2012 -,Petrol -,Automatic,"KSh4,800,000"
Toyota Land Cruiser Prado,2010 -,Petrol -,Automatic,"KSh4,850,000"
Toyota Land Cruiser,2008 -,Diesel -,Automatic,"KSh4,900,000"
Toyota Land Cruiser,2008 -,Diesel -,Automatic,"KSh4,900,000"
Toyota Land Cruiser Prado,2010 -,Petrol -,Automatic,"KSh4,900,000"
Toyota Land Cruiser Prado,2011 -,Petrol -,Automatic,"KSh4,900,000"
Toyota Land Cruiser Prado,2012 -,Diesel -,Automatic,"KSh4,980,000"
Nissan X-Trail 2.0,2002 -,Petrol -,Automatic,"KSh420,000"
Toyota Passo,2007 -,Petrol -,Automatic,"KSh420,000"
Mazda Demio 1.3,2007 -,Petrol -,Automatic,"KSh430,000"
Nissan Wingroad,2008 -,Petrol -,Automatic,"KSh430,000"
Mercedes-Benz 200E,1992 -,Petrol -,Manual,"KSh435,000"
Volkswagen Golf,2003 -,Petrol -,Automatic,"KSh435,000"
Nissan Note 1.4,2008 -,Petrol -,Automatic,"KSh440,000"
Toyota Vitz,2007 -,Petrol -,Automatic,"KSh440,000"
Toyota Corolla 1.3,2000 -,Petrol -,Automatic,"KSh450,000"
Honda Fit 1.5 Aria,2008 -,Petrol -,Automatic,"KSh450,000"
Toyota Passo,2009 -,Petrol -,Automatic,"KSh450,000"
Hyundai Santa Fe 2.0 CRDi GLS 4WD,2004 -,Petrol -,Manual,"KSh450,000"
Mitsubishi Chariot,2001 -,Petrol -,Automatic,"KSh460,000"
Toyota Corolla 1.3,1998 -,Petrol -,Manual,"KSh460,000"
Nissan March,2009 -,Petrol -,Automatic,"KSh465,000"
Toyota Passo Sette,2009 -,Petrol -,Automatic,"KSh470,000"
Honda Fit,2005 -,Petrol -,Automatic,"KSh470,000"
Honda Fit,2007 -,Petrol -,Automatic,"KSh475,000"
Nissan Liberty,2004 -,Petrol -,Automatic,"KSh480,000"
Nissan Wingroad,2006 -,Petrol -,Automatic,"KSh480,000"
Nissan Tiida 1.5 dCi,2007 -,Petrol -,Automatic,"KSh480,000"
Toyota Mark II,2000 -,Petrol -,Automatic,"KSh485,000"
Mercedes-Benz 200,1986 -,Petrol -,Manual,"KSh490,000"
Toyota Camry,2003 -,Petrol -,Automatic,"KSh495,000"
Peugeot 406 1.8 GLX,2003 -,Petrol -,Manual,"KSh495,000"
Toyota Land Cruiser Prado,2011 -,Diesel -,Automatic,"KSh5,000,000"
Volkswagen Touareg 3.6 V6,2012 -,Petrol -,Automatic,"KSh5,000,000"
BMW X5,2012 -,Diesel -,Automatic,"KSh5,100,000"
Toyota Land Cruiser Prado,2012 -,Diesel -,Automatic,"KSh5,100,000"
Toyota Land Cruiser Prado,2011 -,Petrol -,Automatic,"KSh5,100,000"
Toyota Land Cruiser Prado,2011 -,Petrol -,Automatic,"KSh5,100,000"
Toyota Land Cruiser Prado,2013 -,Petrol -,Automatic,"KSh5,100,000"
Toyota Land Cruiser Prado,2010 -,Diesel -,Automatic,"KSh5,200,000"
Toyota Land Cruiser Prado,2010 -,Diesel -,Automatic,"KSh5,200,000"
Toyota Land Cruiser Prado,2010 -,Diesel -,Automatic,"KSh5,200,000"
Toyota Land Cruiser Prado,2010 -,Petrol -,Automatic,"KSh5,200,000"
Toyota Land Cruiser Prado,2010 -,Petrol -,Automatic,"KSh5,200,000"
Toyota Land Cruiser Prado,2010 -,Petrol -,Automatic,"KSh5,200,000"
Toyota Land Cruiser Prado,2011 -,Diesel -,Automatic,"KSh5,250,000"
Toyota Land Cruiser Prado,2011 -,Diesel -,Automatic,"KSh5,300,000"
Audi Q7 3.0T S line Quattro,2011 -,Diesel -,Automatic,"KSh5,300,000"
Toyota Land Cruiser Prado,2011 -,Diesel -,Automatic,"KSh5,300,000"
Jeep Cherokee 2.4 Sport,2012 -,Petrol -,Automatic,"KSh5,300,000"
Toyota Land Cruiser Prado VX 4.0 V6,2011 -,Petrol -,Automatic,"KSh5,350,000"
Toyota Land Cruiser Prado,2011 -,Petrol -,Automatic,"KSh5,350,000"
Land Rover Discovery IV,2011 -,Diesel -,Automatic,"KSh5,400,000"
Toyota Land Cruiser Prado,2012 -,Petrol -,Automatic,"KSh5,400,000"
Toyota Land Cruiser Prado,2010 -,Petrol -,Automatic,"KSh5,400,000"
Land Rover Discovery IV,2011 -,Diesel -,Automatic,"KSh5,490,000"
Land Rover Discovery IV,2011 -,Diesel -,Manual,"KSh5,490,000"
Toyota Land Cruiser Prado,2011 -,Diesel -,Automatic,"KSh5,500,000"
Toyota Land Cruiser Prado,2011 -,Diesel -,Automatic,"KSh5,500,000"
BMW X6,2011 -,Petrol -,Automatic,"KSh5,500,000"
Toyota Land Cruiser Prado,2011 -,Petrol -,Automatic,"KSh5,500,000"
Toyota Harrier,2015 -,Petrol -,Automatic,"KSh5,500,000"
Toyota Land Cruiser Prado,2012 -,Petrol -,Automatic,"KSh5,650,000"
Toyota Land Cruiser Prado,2011 -,Diesel -,Automatic,"KSh5,690,000"
Toyota Land Cruiser Prado,2011 -,Diesel -,Automatic,"KSh5,690,000"
Toyota Land Cruiser Prado,2011 -,Diesel -,Automatic,"KSh5,690,000"
Toyota Land Cruiser Prado,2011 -,Petrol -,Automatic,"KSh5,700,000"
Toyota Land Cruiser Prado,2011 -,Diesel -,Automatic,"KSh5,750,000"
Toyota Noah,2002 -,Petrol -,Automatic,"KSh500,000"
Toyota Probox,2005 -,Petrol -,Automatic,"KSh500,000"
Toyota RAV4 1.8,1998 -,Petrol -,Manual,"KSh500,000"
Toyota Ractis,2006 -,Petrol -,Automatic,"KSh500,000"
Mazda Demio,2007 -,Petrol -,Automatic,"KSh520,000"
Nissan Tiida 1.5 dCi,2009 -,Petrol -,Automatic,"KSh520,000"
Toyota Succeed,2005 -,Petrol -,Automatic,"KSh520,000"
BMW M3,1997 -,Petrol -,Automatic,"KSh550,000"
Volkswagen Golf,2006 -,Petrol -,Automatic,"KSh550,000"
Toyota iQ,2009 -,Petrol -,Automatic,"KSh550,000"
Suzuki Alto,2011 -,Petrol -,Automatic,"KSh550,000"
Suzuki Alto,2011 -,Petrol -,Automatic,"KSh550,000"
Nissan Advan,2011 -,Petrol -,Automatic,"KSh550,000"
Toyota Passo,2011 -,Petrol -,Automatic,"KSh550,000"
Nissan Advan,2010 -,Petrol -,Automatic,"KSh550,000"
Nissan Advan,2011 -,Petrol -,Automatic,"KSh550,000"
Toyota IST,2004 -,Petrol -,Automatic,"KSh550,000"
Toyota IST,2002 -,Petrol -,Automatic,"KSh560,000"
Toyota Belta,2006 -,Petrol -,Automatic,"KSh560,000"
Mazda Demio 1.3,2007 -,Petrol -,Automatic,"KSh560,000"
Nissan Advan,2011 -,Petrol -,Automatic,"KSh560,000"
Nissan Serena 2.0 Excursion,2008 -,Petrol -,Automatic,"KSh565,000"
Toyota Ractis,2006 -,Petrol -,Automatic,"KSh570,000"
Mazda Familia,2011 -,Petrol -,Automatic,"KSh570,000"
Toyota Probox,2009 -,Petrol -,Automatic,"KSh570,000"
Toyota Premio,2003 -,Petrol -,Automatic,"KSh580,000"
Nissan Wingroad,2008 -,Petrol -,Automatic,"KSh580,000"
Nissan March,2010 -,Petrol -,Automatic,"KSh580,000"
Nissan March,2011 -,Petrol -,Automatic,"KSh580,000"
Nissan March,2011 -,Petrol -,Automatic,"KSh580,000"
Nissan Tiida Latio,2009 -,Petrol -,Automatic,"KSh580,000"
Nissan March,2011 -,Petrol -,Automatic,"KSh580,000"
Toyota Allion,2004 -,Petrol -,Automatic,"KSh585,000"
Toyota Belta,2006 -,Petrol -,Automatic,"KSh585,000"
Suzuki Solio,2011 -,Petrol -,Automatic,"KSh589,000"
Toyota Probox,2007 -,Petrol -,Automatic,"KSh590,000"
Nissan Tiida 1.5 dCi,2009 -,Petrol -,Automatic,"KSh590,000"
Nissan Cube,2011 -,Petrol -,Automatic,"KSh590,000"
Nissan March,2011 -,Petrol -,Automatic,"KSh595,000"
Nissan Advan,2011 -,Petrol -,Automatic,"KSh595,000"
Toyota Harrier,2015 -,Petrol -,Automatic,"KSh6,000,000"
Toyota Land Cruiser,2008 -,Petrol -,Automatic,"KSh6,000,000"
Jeep Wrangler 3.6 V6,2014 -,Petrol -,Automatic,"KSh6,000,000"
Ford Ranger,2016 -,Diesel -,Automatic,"KSh6,100,000"
Toyota Land Cruiser Prado,2013 -,Petrol -,Automatic,"KSh6,200,000"
Toyota Land Cruiser,2009 -,Diesel -,Automatic,"KSh6,300,000"
Toyota Land Cruiser 200 VX 4.5,2010 -,Diesel -,Automatic,"KSh6,300,000"
Toyota Land Cruiser,2010 -,Diesel -,Automatic,"KSh6,300,000"
Toyota Land Cruiser,2010 -,Petrol -,Automatic,"KSh6,500,000"
Toyota Land Cruiser,2010 -,Petrol -,Automatic,"KSh6,500,000"
Toyota Land Cruiser,2009 -,Diesel -,Automatic,"KSh6,600,000"
Porsche Cayenne 3.6 Automatic,2011 -,Petrol -,Automatic,"KSh6,600,000"
Porsche Cayenne 3.6 V6,2011 -,Petrol -,Automatic,"KSh6,600,000"
Toyota Fortuner,2016 -,Diesel -,Automatic,"KSh6,800,000"
Toyota Allex,2004 -,Petrol -,Automatic,"KSh600,000"
Toyota IST,2006 -,Petrol -,Automatic,"KSh600,000"
Toyota Ractis,2008 -,Petrol -,Automatic,"KSh600,000"
Nissan Wingroad,2009 -,Petrol -,Automatic,"KSh600,000"
Toyota Passo Sette,2011 -,Petrol -,Automatic,"KSh600,000"
Toyota Passo,2011 -,Petrol -,Automatic,"KSh600,000"
Nissan March,2011 -,Petrol -,Automatic,"KSh610,000"
Toyota Allion,2004 -,Petrol -,Automatic,"KSh625,000"
Toyota Allion,2004 -,Petrol -,Automatic,"KSh625,000"
Nissan March,2011 -,Petrol -,Automatic,"KSh625,000"
Toyota Mark II,2004 -,Petrol -,Automatic,"KSh630,000"
Volkswagen Polo 1.4,2008 -,Petrol -,Automatic,"KSh630,000"
Nissan March,2012 -,Petrol -,Automatic,"KSh630,000"
Toyota Harrier,1998 -,Petrol -,Automatic,"KSh630,000"
Toyota Harrier,1998 -,Petrol -,Automatic,"KSh630,000"
Mercedes-Benz C200,1997 -,Petrol -,Automatic,"KSh639,000"
BMW 318i,2003 -,Petrol -,Automatic,"KSh645,000"
Toyota Axio,2006 -,Petrol -,Automatic,"KSh645,000"
Toyota Passo,2011 -,Petrol -,Automatic,"KSh645,000"
Nissan X-Trail 2.0,2000 -,Petrol -,Automatic,"KSh650,000"
Volkswagen Cross Polo,2007 -,Petrol -,Automatic,"KSh650,000"
Toyota Succeed,2009 -,Petrol -,Automatic,"KSh650,000"
Toyota Probox,2009 -,Petrol -,Automatic,"KSh650,000"
Mazda Demio 1.3,2010 -,Petrol -,Automatic,"KSh650,000"
Mazda Demio 1.3,2010 -,Petrol -,Automatic,"KSh650,000"
Toyota Passo,2011 -,Petrol -,Automatic,"KSh650,000"
Nissan Note,2011 -,Petrol -,Automatic,"KSh650,000"
Nissan Advan,2011 -,Petrol -,Automatic,"KSh650,000"
Honda CR-V,2004 -,Petrol -,Automatic,"KSh660,000"
Mazda Demio 1.3,2011 -,Petrol -,Automatic,"KSh660,000"
Mazda Demio 1.3,2011 -,Petrol -,Automatic,"KSh660,000"
Mazda Demio,2011 -,Petrol -,Automatic,"KSh660,000"
Nissan Cube,2011 -,Petrol -,Automatic,"KSh660,000"
Nissan Bluebird,2008 -,Petrol -,Automatic,"KSh660,000"
Mazda Demio 1.3,2011 -,Petrol -,Automatic,"KSh665,000"
Toyota Axio,2008 -,Petrol -,Automatic,"KSh670,000"
Honda Airwave,2009 -,Petrol -,Automatic,"KSh670,000"
Nissan March,2011 -,Petrol -,Automatic,"KSh670,000"
Peugeot 207,2009 -,Petrol -,Automatic,"KSh675,000"
Toyota Townace,2002 -,Petrol -,Automatic,"KSh680,000"
Toyota ISIS,2008 -,Petrol -,Automatic,"KSh680,000"
Honda Fit Automatic,2009 -,Petrol -,Automatic,"KSh680,000"
Toyota Passo,2010 -,Petrol -,Automatic,"KSh680,000"
Toyota Porte,2011 -,Petrol -,Automatic,"KSh680,000"
Nissan Note 1.5 dCi,2011 -,Petrol -,Automatic,"KSh680,000"
Mazda Demio,2011 -,Petrol -,Automatic,"KSh680,000"
Mazda Demio,2011 -,Petrol -,Automatic,"KSh680,000"
Mazda Demio,2011 -,Petrol -,Automatic,"KSh680,000"
Mazda Demio,2011 -,Petrol -,Automatic,"KSh680,000"
Mazda Demio,2011 -,Petrol -,Automatic,"KSh680,000"
Mitsubishi Colt 1.3 5 Door,2011 -,Petrol -,Automatic,"KSh680,000"
Mitsubishi Colt 1.3 5 Door,2011 -,Petrol -,Automatic,"KSh680,000"
Mitsubishi Colt 1.3 5 Door,2011 -,Petrol -,Automatic,"KSh680,000"
Nissan Advan,2011 -,Petrol -,Automatic,"KSh680,000"
Toyota Belta,2009 -,Petrol -,Automatic,"KSh685,000"
Suzuki Escudo,2005 -,Petrol -,Automatic,"KSh690,000"
Nissan Advan,2011 -,Petrol -,Automatic,"KSh690,000"
Mazda Demio,2011 -,Petrol -,Automatic,"KSh690,000"
Toyota Estima,2006 -,Petrol -,Automatic,"KSh690,000"
Volkswagen Golf 2.0 S,2006 -,Petrol -,Automatic,"KSh690,000"
Mazda Demio 1.3,2011 -,Petrol -,Automatic,"KSh690,000"
Toyota Harrier,2001 -,Petrol -,Automatic,"KSh695,000"
Mazda Demio,2011 -,Petrol -,Automatic,"KSh695,000"
Toyota Vitz,2011 -,Petrol -,Automatic,"KSh695,000"
Mercedes-Benz E230,1997 -,Petrol -,Automatic,"KSh695,000"
Toyota Passo,2013 -,Petrol -,Automatic,"KSh699,000"
Toyota Land Cruiser,2010 -,Diesel -,Automatic,"KSh7,000,000"
Toyota Land Cruiser Prado,2015 -,Diesel -,Automatic,"KSh7,300,000"
Toyota Land Cruiser Prado,2016 -,Diesel -,Automatic,"KSh7,500,000"
Toyota Land Cruiser,2009 -,Diesel -,Automatic,"KSh7,500,000"
Toyota Land Cruiser,2011 -,Petrol -,Automatic,"KSh7,500,000"
Toyota Land Cruiser Prado,2015 -,Diesel -,Automatic,"KSh7,650,000"
Toyota Land Cruiser,2010 -,Diesel -,Automatic,"KSh7,690,000"
Toyota Land Cruiser,2011 -,Petrol -,Automatic,"KSh7,700,000"
Mercedes-Benz E250,2015 -,Petrol -,Automatic,"KSh7,700,000"
Toyota Land Cruiser Prado,2016 -,Petrol -,Automatic,"KSh7,700,000"
Toyota Land Cruiser Prado,2016 -,Petrol -,Automatic,"KSh7,700,000"
Toyota Land Cruiser Prado,2016 -,Petrol -,Automatic,"KSh7,700,000"
Toyota Land Cruiser,2011 -,Petrol -,Automatic,"KSh7,800,000"
Toyota Land Cruiser Prado,2016 -,Diesel -,Automatic,"KSh7,900,000"
Toyota Land Cruiser Prado,2016 -,Diesel -,Automatic,"KSh7,900,000"
Toyota Land Cruiser Prado,2016 -,Diesel -,Automatic,"KSh7,900,000"
Toyota Land Cruiser,2011 -,Petrol -,Automatic,"KSh7,900,000"
Toyota Land Cruiser Prado,2016 -,Diesel -,Automatic,"KSh7,950,000"
Toyota Land Cruiser Prado,2016 -,Diesel -,Automatic,"KSh7,950,000"
Toyota Land Cruiser,2012 -,Petrol -,Automatic,"KSh7,950,000"
Nissan Navara,2004 -,Diesel -,Manual,"KSh700,000"
Toyota Hilux 2.5 D-4D,2018 -,Diesel -,Manual,"KSh700,000"
Toyota Premio,2004 -,Petrol -,Automatic,"KSh700,000"
Toyota Porte,2010 -,Petrol -,Automatic,"KSh700,000"
Toyota Porte,2010 -,Petrol -,Automatic,"KSh700,000"
Toyota Porte,2011 -,Petrol -,Automatic,"KSh700,000"
Suzuki Swift,2011 -,Petrol -,Automatic,"KSh700,000"
Suzuki Swift,2011 -,Petrol -,Automatic,"KSh700,000"
Mazda Demio,2011 -,Petrol -,Automatic,"KSh710,000"
Mazda Demio,2011 -,Petrol -,Automatic,"KSh710,000"
Toyota Mark II 2.0,2003 -,Petrol -,Automatic,"KSh720,000"
Nissan X-Trail,2006 -,Petrol -,Automatic,"KSh720,000"
Nissan X-Trail,2006 -,Petrol -,Automatic,"KSh720,000"
Toyota Allion 1.8,2007 -,Petrol -,Automatic,"KSh720,000"
Nissan Tiida 1.5 dCi,2010 -,Petrol -,Automatic,"KSh720,000"
Nissan Tiida,2010 -,Petrol -,Automatic,"KSh720,000"
Mazda Demio,2010 -,Petrol -,Automatic,"KSh720,000"
Nissan Note 1.4,2011 -,Petrol -,Automatic,"KSh720,000"
Mazda Demio 1.3,2011 -,Petrol -,Automatic,"KSh720,000"
Toyota Passo,2011 -,Petrol -,Automatic,"KSh720,000"
Toyota Probox,2011 -,Petrol -,Automatic,"KSh720,000"
Mazda Demio 1.3,2011 -,Petrol -,Automatic,"KSh720,000"
Mazda Demio,2011 -,Petrol -,Automatic,"KSh720,000"
Toyota bB,2011 -,Petrol -,Automatic,"KSh720,000"
Toyota Surf,1997 -,Petrol -,Automatic,"KSh725,000"
Nissan Note 1.5 DCi 70,2011 -,Petrol -,Automatic,"KSh725,000"
Toyota Allion A20,2004 -,Petrol -,Automatic,"KSh730,000"
Mazda Demio 1.3,2011 -,Petrol -,Automatic,"KSh730,000"
Mazda Demio 1.3,2011 -,Petrol -,Automatic,"KSh730,000"
Nissan Note,2011 -,Petrol -,Automatic,"KSh730,000"
Nissan Note 1.4,2011 -,Petrol -,Automatic,"KSh730,000"
Toyota Ractis,2011 -,Petrol -,Automatic,"KSh730,000"
Toyota Porte,2011 -,Petrol -,Automatic,"KSh730,000"
Nissan Tiida,2011 -,Petrol -,Automatic,"KSh730,000"
Mitsubishi Lancer,2011 -,Petrol -,Automatic,"KSh730,000"
Toyota Probox,2012 -,Petrol -,Automatic,"KSh730,000"
Nissan Note 1.4,2011 -,Petrol -,Automatic,"KSh740,000"
Nissan Note,2011 -,Petrol -,Automatic,"KSh740,000"
Mazda Demio,2011 -,Petrol -,Automatic,"KSh740,000"
Nissan Note,2011 -,Petrol -,Automatic,"KSh740,000"
Toyota Sienta,2008 -,Petrol -,Automatic,"KSh745,000"
Honda Insight Hybrid,2010 -,Hybrid -,Automatic,"KSh750,000"
Toyota Mark X Rio,2008 -,Petrol -,Automatic,"KSh750,000"
Toyota Wish,2008 -,Petrol -,Automatic,"KSh750,000"
Subaru Dex,2010 -,Petrol -,Automatic,"KSh750,000"
Mazda verisa,2011 -,Petrol -,Automatic,"KSh750,000"
Honda Fit,2011 -,Petrol -,Automatic,"KSh750,000"
Mazda Demio,2011 -,Petrol -,Automatic,"KSh750,000"
Mazda Demio,2011 -,Petrol -,Automatic,"KSh750,000"
Mazda Demio 1.3,2011 -,Petrol -,Automatic,"KSh750,000"
Nissan Advan,2011 -,Petrol -,Automatic,"KSh750,000"
Mazda Demio 1.3,2011 -,Petrol -,Automatic,"KSh750,000"
Nissan Tiida,2011 -,Petrol -,Automatic,"KSh750,000"
Honda Fit Automatic,2011 -,Petrol -,Automatic,"KSh750,000"
Toyota Ractis,2011 -,Petrol -,Automatic,"KSh750,000"
Nissan Note,2011 -,Petrol -,Automatic,"KSh750,000"
Nissan Note,2011 -,Petrol -,Automatic,"KSh750,000"
Toyota Probox,2013 -,Petrol -,Automatic,"KSh750,000"
Nissan X-Trail 2.0,2019 -,Petrol -,Automatic,"KSh750,000"
Toyota Allion,2007 -,Petrol -,Automatic,"KSh750,000"
Toyota Vitz,2010 -,Petrol -,Automatic,"KSh750,000"
Mazda Demio 1.5 Automatic,2011 -,Petrol -,Automatic,"KSh750,000"
Toyota Vitz,2011 -,Petrol -,Automatic,"KSh750,000"
Toyota Vitz 1.0 F,2011 -,Petrol -,Automatic,"KSh750,000"
Toyota Vitz 1.0 F,2011 -,Petrol -,Automatic,"KSh750,000"
Nissan Note 1.4,2011 -,Petrol -,Automatic,"KSh750,000"
Nissan Note 1.4 16v,2012 -,Petrol -,Automatic,"KSh750,000"
Nissan Note 1.4 16v,2012 -,Petrol -,Automatic,"KSh750,000"
Toyota Probox,2012 -,Petrol -,Automatic,"KSh750,000"
Nissan Lafesta,2011 -,Petrol -,Automatic,"KSh760,000"
Toyota Succeed,2012 -,Petrol -,Automatic,"KSh760,000"
Nissan Note,2011 -,Petrol -,Automatic,"KSh770,000"
Toyota Vitz 1.3 U,2011 -,Petrol -,Automatic,"KSh770,000"
Toyota Vitz 1.3 U,2011 -,Petrol -,Automatic,"KSh770,000"
Nissan Wingroad,2011 -,Petrol -,Automatic,"KSh770,000"
Mazda verisa,2011 -,Petrol -,Automatic,"KSh770,000"
Mazda verisa,2011 -,Petrol -,Automatic,"KSh770,000"
Mazda verisa,2011 -,Petrol -,Automatic,"KSh770,000"
Peugeot 207,2010 -,Petrol -,Automatic,"KSh775,000"
Nissan X-Trail 2.0,2004 -,Petrol -,Automatic,"KSh780,000"
Toyota Fielder,2005 -,Petrol -,Automatic,"KSh780,000"
Toyota Auris 1.3 3,2007 -,Petrol -,Automatic,"KSh780,000"
Nissan Bluebird,2008 -,Petrol -,Automatic,"KSh780,000"
Toyota Axio,2008 -,Petrol -,Automatic,"KSh780,000"
Toyota Probox,2010 -,Petrol -,Automatic,"KSh780,000"
Honda Fit 1.5 Aria,2011 -,Petrol -,Automatic,"KSh780,000"
Toyota Probox,2011 -,Petrol -,Automatic,"KSh780,000"
Toyota Probox,2011 -,Petrol -,Automatic,"KSh780,000"
Toyota Vitz,2011 -,Petrol -,Automatic,"KSh780,000"
Toyota Vitz 1.3 U,2011 -,Petrol -,Automatic,"KSh780,000"
Nissan Note 1.4,2011 -,Petrol -,Automatic,"KSh780,000"
Toyota Probox,2011 -,Petrol -,Automatic,"KSh780,000"
Toyota Probox,2011 -,Petrol -,Automatic,"KSh780,000"
Toyota Probox,2011 -,Petrol -,Automatic,"KSh780,000"
Toyota Probox,2012 -,Petrol -,Automatic,"KSh780,000"
Toyota Probox,2012 -,Petrol -,Automatic,"KSh780,000"
Toyota Probox,2012 -,Petrol -,Automatic,"KSh780,000"
Toyota Probox,2012 -,Petrol -,Automatic,"KSh780,000"
Toyota Probox,2012 -,Petrol -,Automatic,"KSh780,000"
Toyota Vitz 1.0 F,2012 -,Petrol -,Automatic,"KSh780,000"
Mercedes-Benz C180,2002 -,Petrol -,Automatic,"KSh780,000"
Toyota Belta,2010 -,Petrol -,Automatic,"KSh780,000"
Nissan Note,2011 -,Petrol -,Automatic,"KSh780,000"
Toyota Vitz,2011 -,Petrol -,Automatic,"KSh780,000"
Toyota Premio,2006 -,Petrol -,Automatic,"KSh785,000"
Mercedes-Benz B-Class,2006 -,Petrol -,Automatic,"KSh790,000"
Toyota Ractis,2010 -,Petrol -,Automatic,"KSh790,000"
Honda Fit Automatic,2011 -,Petrol -,Automatic,"KSh790,000"
Nissan Note 1.4,2011 -,Petrol -,Automatic,"KSh790,000"
Nissan Hardbody,2004 -,Petrol -,Manual,"KSh795,000"
Toyota Mark X,2007 -,Petrol -,Automatic,"KSh795,000"
Ford Mustang Ecoboost,2016 -,Petrol -,Automatic,"KSh8,000,000"
Toyota Land Cruiser,2011 -,Diesel -,Automatic,"KSh8,200,000"
Toyota Land Cruiser,2011 -,Petrol -,Automatic,"KSh8,200,000"
Toyota Land Cruiser 200 VX 4.5,2011 -,Diesel -,Automatic,"KSh8,300,000"
Land Rover Defender 110,2014 -,Diesel -,Automatic,"KSh8,500,000"
Toyota Land Cruiser,2010 -,Petrol -,Automatic,"KSh8,500,000"
Toyota Land Cruiser,2012 -,Petrol -,Automatic,"KSh8,500,000"
Lexus RX 200 T,2016 -,Petrol -,Automatic,"KSh8,500,000"
Toyota Land Cruiser Prado,2017 -,Petrol -,Automatic,"KSh8,500,000"
Toyota Land Cruiser Prado,2015 -,Petrol -,Automatic,"KSh8,500,000"
Honda Fit,2011 -,Hybrid -,Automatic,"KSh800,000"
Nissan Navara,2006 -,Petrol -,Automatic,"KSh800,000"
Toyota Crown Royal 2.5,2006 -,Petrol -,Automatic,"KSh800,000"
Toyota Fielder,2008 -,Petrol -,Automatic,"KSh800,000"
Nissan Tiida Hatchback,2010 -,Petrol -,Automatic,"KSh800,000"
Nissan Tiida,2010 -,Petrol -,Automatic,"KSh800,000"
Toyota Porte,2010 -,Petrol -,Automatic,"KSh800,000"
Toyota Porte,2010 -,Petrol -,Automatic,"KSh800,000"
Toyota Probox,2011 -,Petrol -,Automatic,"KSh800,000"
Toyota Probox,2011 -,Petrol -,Automatic,"KSh800,000"
Toyota Probox,2011 -,Petrol -,Automatic,"KSh800,000"
Toyota Vitz 1.3 U,2011 -,Petrol -,Automatic,"KSh800,000"
Toyota Vitz 1.0 F,2011 -,Petrol -,Automatic,"KSh800,000"
Nissan Tiida,2011 -,Petrol -,Automatic,"KSh800,000"
Nissan Note 1.4,2011 -,Petrol -,Automatic,"KSh800,000"
Toyota Probox,2013 -,Petrol -,Automatic,"KSh800,000"
Toyota Probox,2013 -,Petrol -,Automatic,"KSh800,000"
Toyota Probox,2013 -,Petrol -,Automatic,"KSh800,000"
Toyota Probox,2013 -,Petrol -,Automatic,"KSh800,000"
Toyota Probox,2013 -,Petrol -,Automatic,"KSh800,000"
Toyota Probox,2013 -,Petrol -,Automatic,"KSh800,000"
Nissan Wingroad,2011 -,Petrol -,Automatic,"KSh800,000"
Nissan X-Trail 2.0,2006 -,Petrol -,Automatic,"KSh820,000"
Toyota Belta,2009 -,Petrol -,Automatic,"KSh820,000"
Toyota Probox,2011 -,Petrol -,Automatic,"KSh820,000"
Toyota Probox,2012 -,Petrol -,Automatic,"KSh820,000"
Honda Fit,2011 -,Hybrid -,Automatic,"KSh830,000"
Honda Fit,2011 -,Hybrid -,Automatic,"KSh830,000"
Honda Fit,2011 -,Hybrid -,Automatic,"KSh830,000"
Honda Fit,2011 -,Hybrid -,Automatic,"KSh830,000"
Honda Fit,2011 -,Hybrid -,Automatic,"KSh830,000"
Toyota Probox,2011 -,Petrol -,Automatic,"KSh830,000"
Nissan Tiida,2011 -,Petrol -,Automatic,"KSh830,000"
Toyota Succeed,2012 -,Petrol -,Automatic,"KSh830,000"
Toyota Ractis,2012 -,Petrol -,Automatic,"KSh830,000"
Toyota Vitz,2012 -,Petrol -,Automatic,"KSh830,000"
Nissan Note 1.4,2013 -,Petrol -,Automatic,"KSh830,000"
Toyota Porte,2011 -,Petrol -,Automatic,"KSh830,000"
Honda Fit,2011 -,Petrol -,Automatic,"KSh835,000"
Mazda verisa,2011 -,Petrol -,Automatic,"KSh835,000"
Mazda verisa,2011 -,Petrol -,Automatic,"KSh835,000"
Nissan Wingroad,2011 -,Petrol -,Automatic,"KSh835,000"
BMW 525i,2003 -,Petrol -,Automatic,"KSh840,000"
Toyota Vitz,2011 -,Petrol -,Automatic,"KSh845,000"
Honda Fit,2011 -,Petrol -,Automatic,"KSh850,000"
Honda Freed,2010 -,Petrol -,Automatic,"KSh850,000"
Mazda Premacy,2010 -,Petrol -,Automatic,"KSh850,000"
Toyota Porte,2010 -,Petrol -,Automatic,"KSh850,000"
Toyota Succeed,2010 -,Petrol -,Automatic,"KSh850,000"
Toyota Ractis,2010 -,Petrol -,Automatic,"KSh850,000"
Mazda Demio,2011 -,Petrol -,Automatic,"KSh850,000"
Toyota Belta,2011 -,Petrol -,Automatic,"KSh850,000"
Toyota Probox,2011 -,Petrol -,Automatic,"KSh850,000"
Toyota Probox,2011 -,Petrol -,Automatic,"KSh850,000"
Toyota Ractis,2011 -,Petrol -,Automatic,"KSh850,000"
Toyota Ractis,2011 -,Petrol -,Automatic,"KSh850,000"
Nissan Tiida,2011 -,Petrol -,Automatic,"KSh850,000"
Toyota Succeed,2011 -,Petrol -,Automatic,"KSh850,000"
Toyota Probox,2011 -,Petrol -,Automatic,"KSh850,000"
Toyota Probox,2011 -,Petrol -,Automatic,"KSh850,000"
Honda Fit,2011 -,Petrol -,Automatic,"KSh850,000"
Nissan Lafesta,2011 -,Petrol -,Automatic,"KSh850,000"
Honda Fit,2011 -,Petrol -,Automatic,"KSh850,000"
Daihatsu Mira,2015 -,Petrol -,Automatic,"KSh850,000"
Honda Stream 1.7i LS,2010 -,Petrol -,Automatic,"KSh850,000"
Toyota Ractis,2011 -,Petrol -,Automatic,"KSh850,000"
Honda Fit 1.5 Aria,2011 -,Petrol -,Automatic,"KSh850,000"
Toyota Succeed,2011 -,Petrol -,Automatic,"KSh850,000"
Honda Fit W,2011 -,Petrol -,Automatic,"KSh850,000"
Mazda verisa,2011 -,Petrol -,Automatic,"KSh850,000"
Honda Fit Automatic,2011 -,Petrol -,Automatic,"KSh850,000"
Toyota Probox,2013 -,Petrol -,Automatic,"KSh850,000"
Toyota Probox,2013 -,Petrol -,Automatic,"KSh850,000"
Toyota Succeed,2013 -,Petrol -,Automatic,"KSh850,000"
Mercedes-Benz C180,2006 -,Petrol -,Automatic,"KSh860,000"
Mazda verisa,2011 -,Petrol -,Automatic,"KSh860,000"
Nissan Tiida Hatchback,2011 -,Petrol -,Automatic,"KSh860,000"
Mazda verisa,2011 -,Petrol -,Automatic,"KSh860,000"
Nissan Tiida 1.5 dCi,2011 -,Petrol -,Automatic,"KSh860,000"
Honda Fit,2011 -,Hybrid -,Automatic,"KSh870,000"
Subaru Outback 2.5,2005 -,Petrol -,Automatic,"KSh870,000"
Nissan Wingroad,2010 -,Petrol -,Automatic,"KSh870,000"
Honda Insight 1.3,2010 -,Petrol -,Automatic,"KSh870,000"
Nissan Wingroad,2010 -,Petrol -,Automatic,"KSh870,000"
Toyota Vitz 1.3 U,2011 -,Petrol -,Automatic,"KSh870,000"
Toyota Ractis,2011 -,Petrol -,Automatic,"KSh870,000"
Nissan Wingroad,2012 -,Petrol -,Automatic,"KSh870,000"
Toyota Ractis,2011 -,Petrol -,Automatic,"KSh875,000"
Subaru Impreza 2.0 Wagon,2009 -,Petrol -,Automatic,"KSh880,000"
Mazda verisa,2011 -,Petrol -,Automatic,"KSh880,000"
Nissan Lafesta,2011 -,Petrol -,Automatic,"KSh880,000"
Nissan Lafesta,2011 -,Petrol -,Automatic,"KSh880,000"
Toyota Ractis,2011 -,Petrol -,Automatic,"KSh880,000"
Toyota Vitz,2011 -,Petrol -,Automatic,"KSh880,000"
Nissan Tiida Hatchback,2011 -,Petrol -,Automatic,"KSh880,000"
Toyota Succeed,2011 -,Petrol -,Automatic,"KSh890,000"
Toyota Vitz 1.3 U,2011 -,Petrol -,Automatic,"KSh890,000"
Honda Civic Hybrid,2010 -,Petrol -,Automatic,"KSh890,000"
Nissan X-Trail 2.0 dCi,2010 -,Petrol -,Automatic,"KSh890,000"
Toyota Crown,2006 -,Petrol -,Automatic,"KSh895,000"
Toyota Ractis,2011 -,Petrol -,Automatic,"KSh899,000"
Honda Spike,2011 -,Petrol -,Automatic,"KSh9,000,000"
Toyota Land Cruiser Prado,2018 -,Petrol -,Automatic,"KSh9,000,000"
Toyota Land Cruiser Prado,2018 -,Petrol -,Automatic,"KSh9,000,000"
Toyota Land Cruiser Prado,2018 -,Diesel -,Automatic,"KSh9,500,000"
Toyota Hilux,1997 -,Diesel -,Manual,"KSh900,000"
Toyota Crown Royal 2.5,2006 -,Petrol -,Automatic,"KSh900,000"
Toyota Fielder,2009 -,Petrol -,Automatic,"KSh900,000"
Toyota Axio,2009 -,Petrol -,Automatic,"KSh900,000"
Toyota Ractis,2011 -,Petrol -,Automatic,"KSh900,000"
Toyota Succeed,2011 -,Petrol -,Automatic,"KSh900,000"
Toyota Succeed,2011 -,Petrol -,Automatic,"KSh900,000"
Mazda verisa,2013 -,Petrol -,Automatic,"KSh900,000"
Toyota Succeed,2013 -,Petrol -,Automatic,"KSh900,000"
Honda Fit Automatic,2011 -,Petrol -,Automatic,"KSh900,000"
Honda Insight,2011 -,Hybrid -,Automatic,"KSh920,000"
Honda Insight,2011 -,Hybrid -,Automatic,"KSh920,000"
Toyota Premio,2007 -,Petrol -,Automatic,"KSh920,000"
Toyota Vitz,2011 -,Petrol -,Automatic,"KSh920,000"
Toyota Vitz 1.3 U,2011 -,Petrol -,Automatic,"KSh920,000"
Toyota Vitz 1.5 RS,2011 -,Petrol -,Automatic,"KSh920,000"
Toyota Allion 1.8,2008 -,Petrol -,Automatic,"KSh930,000"
Toyota Fielder,2009 -,Petrol -,Automatic,"KSh930,000"
Toyota Axio,2010 -,Petrol -,Automatic,"KSh930,000"
Toyota Axio,2010 -,Petrol -,Automatic,"KSh930,000"
Toyota Sienta,2010 -,Petrol -,Automatic,"KSh930,000"
Toyota Belta,2011 -,Petrol -,Automatic,"KSh930,000"
Toyota Sienta,2011 -,Petrol -,Automatic,"KSh930,000"
Toyota Premio,2008 -,Petrol -,Automatic,"KSh930,000"
Toyota Ractis,2012 -,Petrol -,Automatic,"KSh930,000"
Toyota Sienta,2011 -,Petrol -,Automatic,"KSh940,000"
Nissan Patrol,1999 -,Diesel -,Manual,"KSh950,000"
Honda Insight,2011 -,Hybrid -,Automatic,"KSh950,000"
Toyota Harrier,2002 -,Petrol -,Automatic,"KSh950,000"
Toyota Crown Royal 2.5,2007 -,Petrol -,Automatic,"KSh950,000"
Nissan Bluebird,2010 -,Petrol -,Automatic,"KSh950,000"
Volkswagen Polo,2010 -,Petrol -,Automatic,"KSh950,000"
Volkswagen Golf 2.0 TSI,2010 -,Petrol -,Automatic,"KSh950,000"
Toyota Raum,2010 -,Petrol -,Automatic,"KSh950,000"
Toyota Sienta,2010 -,Petrol -,Automatic,"KSh950,000"
Toyota Ractis,2010 -,Petrol -,Automatic,"KSh950,000"
Toyota Succeed,2011 -,Petrol -,Automatic,"KSh950,000"
Mazda Premacy,2011 -,Petrol -,Automatic,"KSh950,000"
Subaru Trezia,2011 -,Petrol -,Automatic,"KSh950,000"
Honda Fit Automatic,2011 -,Petrol -,Automatic,"KSh950,000"
Honda Freed,2011 -,Petrol -,Automatic,"KSh950,000"
Toyota Sienta,2011 -,Petrol -,Automatic,"KSh950,000"
Toyota Succeed,2013 -,Petrol -,Automatic,"KSh950,000"
Subaru Impreza 2.5 STi WRX,2006 -,Petrol -,Manual,"KSh950,000"
Toyota Succeed,2011 -,Petrol -,Manual,"KSh950,000"
Toyota Succeed,2012 -,Petrol -,Manual,"KSh950,000"
BMW 320i,2008 -,Petrol -,Automatic,"KSh950,000"
Honda Insight 1.0 VTEC,2011 -,Petrol -,Automatic,"KSh950,000"
Mercedes-Benz E320,2006 -,Diesel -,Automatic,"KSh960,000"
Toyota Allion,2009 -,Petrol -,Automatic,"KSh970,000"
Honda Insight 1.3,2011 -,Petrol -,Automatic,"KSh970,000"
Toyota Ractis,2011 -,Petrol -,Automatic,"KSh970,000"
Honda Insight,2011 -,Petrol -,Automatic,"KSh970,000"
Toyota Sienta,2011 -,Petrol -,Automatic,"KSh975,000"
Honda Insight 1.3,2011 -,Hybrid -,Automatic,"KSh980,000"
Toyota Premio,2009 -,Petrol -,Automatic,"KSh980,000"
Toyota Premio,2009 -,Petrol -,Automatic,"KSh980,000"
Toyota Fielder,2009 -,Petrol -,Automatic,"KSh980,000"
Toyota Allion 1.8,2009 -,Petrol -,Automatic,"KSh980,000"
Toyota Passo Sette,2010 -,Petrol -,Automatic,"KSh980,000"
Toyota Fielder,2010 -,Petrol -,Automatic,"KSh980,000"
Nissan Tiida,2010 -,Petrol -,Automatic,"KSh980,000"
Nissan Tiida Hatchback,2010 -,Petrol -,Automatic,"KSh980,000"
Nissan Bluebird,2011 -,Petrol -,Automatic,"KSh980,000"
Honda Airwave,2011 -,Petrol -,Automatic,"KSh980,000"
Toyota Vitz 1.3 U,2011 -,Petrol -,Automatic,"KSh980,000"
Honda Insight,2011 -,Petrol -,Automatic,"KSh985,000"
Nissan Dualis,2007 -,Petrol -,Automatic,"KSh985,000"
Honda Insight Hybrid,2011 -,Petrol -,Automatic,"KSh990,000"
Honda Insight 1.3,2011 -,Petrol -,Automatic,"KSh995,000"
